sample_index,throw_id,label,time_ms,ax,ay,az,gx,gy,gz,mx,my,mz,accel_mag,gyro_mag,wobble
0,1,Forehand,0,-0.0383,0.5417,-0.8308,-40.89,-120.48,-9.83,18.0,13.0,-155.0,0.9926,127.61,false
1,1,Forehand,20,-0.0277,0.5242,-0.8239,-56.4,-131.65,10.68,18.0,13.0,-155.0,0.9769,143.62,false
2,1,Forehand,45,0.0823,0.5604,-0.8984,-65.06,-126.53,26.55,18.0,13.0,-155.0,1.0621,144.73,false
3,1,Forehand,65,0.098,0.6107,-1.0806,-49.74,-111.33,34.55,18.0,13.0,-155.0,1.2451,126.74,false
4,1,Forehand,92,0.1033,0.6022,-1.0909,15.81,-92.35,43.7,17.0,9.0,-152.0,1.2504,103.38,false
5,1,Forehand,112,0.1412,0.5906,-0.9619,44.98,-88.5,57.19,17.0,9.0,-152.0,1.1375,114.57,false
6,1,Forehand,133,0.1993,0.6117,-0.7759,38.33,-90.58,72.14,17.0,9.0,-152.0,1.0079,121.98,false
7,1,Forehand,158,0.2004,0.7633,-0.5364,-13.31,-92.1,76.42,17.0,9.0,-152.0,0.9542,120.41,false
8,1,Forehand,179,0.1416,0.8912,-0.4567,-45.84,-82.82,64.03,19.0,8.0,-150.0,1.0114,114.28,false
9,1,Forehand,199,0.0421,0.9888,-0.4213,-59.08,-69.4,47.67,19.0,8.0,-150.0,1.0756,102.85,false
10,1,Forehand,223,-0.0811,1.0646,-0.4204,-56.58,-62.38,37.96,19.0,8.0,-150.0,1.1474,92.38,false
11,1,Forehand,242,-0.0271,1.1307,-0.4821,-52.49,-66.41,29.54,19.0,8.0,-150.0,1.2295,89.65,false
12,1,Forehand,263,0.0348,1.2008,-0.5233,-54.87,-78.37,13.06,19.0,8.0,-150.0,1.3103,96.56,false
13,1,Forehand,288,0.1437,1.2443,-0.5715,-66.22,-88.87,-22.83,17.0,7.0,-147.0,1.3768,113.15,false
14,1,Forehand,309,0.1589,1.1632,-0.6564,-75.13,-93.57,-43.95,17.0,7.0,-147.0,1.345,127.79,false
15,1,Forehand,333,0.2025,1.0819,-0.6281,-75.68,-107.12,-60.97,17.0,7.0,-147.0,1.2673,144.64,false
16,1,Forehand,352,0.2858,1.0129,-0.4932,-78.06,-117.31,-77.27,17.0,7.0,-147.0,1.1623,160.71,false
17,1,Forehand,373,0.3523,0.9081,-0.3656,-93.2,-115.48,-92.1,17.0,7.0,-147.0,1.0404,174.66,false
18,1,Forehand,400,0.3915,0.7526,-0.3473,-137.39,-114.75,-98.14,8.0,-1.0,-148.0,0.9166,204.14,false
19,1,Forehand,419,0.3833,0.5809,-0.4749,-143.8,-121.52,-92.71,8.0,-1.0,-148.0,0.8425,209.86,false
20,1,Forehand,440,0.4263,0.4462,-0.5762,-125.31,-128.48,-86.85,8.0,-1.0,-148.0,0.8442,199.38,false
21,1,Forehand,465,0.3701,0.3163,-0.5658,-99.73,-140.01,-72.14,8.0,-1.0,-148.0,0.7464,186.43,false
22,1,Forehand,486,0.3904,0.2266,-0.5692,-89.36,-152.53,-46.26,0.0,-4.0,-127.0,0.7265,182.73,false
23,1,Forehand,507,0.3744,0.0952,-0.7468,-85.88,-175.96,-4.09,0.0,-4.0,-127.0,0.8408,195.84,false
24,1,Forehand,531,0.3416,-0.0123,-0.9631,-59.51,-209.53,20.94,0.0,-4.0,-127.0,1.022,218.82,false
25,1,Forehand,552,0.1947,-0.2314,-1.1866,-15.99,-268.19,41.5,0.0,-4.0,-127.0,1.2246,271.85,false
26,1,Forehand,573,-0.1456,-0.4668,-1.2299,34.48,-356.75,70.01,0.0,-4.0,-127.0,1.3235,365.19,false
27,1,Forehand,600,-0.9457,-0.9075,-0.9481,84.53,-502.56,124.39,-4.0,-9.0,-100.0,1.6176,524.58,false
28,1,Forehand,621,-1.6619,-1.2336,-0.6431,80.38,-594.85,170.96,-4.0,-9.0,-100.0,2.1673,624.13,false
29,1,Forehand,644,-2.55,-1.65,-0.319,61.4,-678.65,217.1,-4.0,-9.0,-100.0,3.054,715.17,false
30,1,Forehand,644,-2.55,-1.65,-0.319,61.4,-678.65,217.1,-4.0,-9.0,-100.0,3.054,715.17,false
31,1,Forehand,666,-3.9999,-2.2163,0.9464,-10.74,-738.4,280.21,-4.0,-9.0,-100.0,4.6698,789.86,false
32,1,Forehand,691,-3.9999,-2.01,2.6638,-227.17,-690.25,516.48,3.0,13.0,-50.0,5.2091,891.51,false
33,1,Forehand,712,-3.9828,-1.1686,3.9999,-273.01,-488.53,692.08,3.0,13.0,-50.0,5.7643,890.04,false
34,1,Forehand,733,-3.9999,0.3192,3.9999,-306.03,-92.96,809.2,3.0,13.0,-50.0,5.6657,870.12,false
35,1,Forehand,758,-3.9999,1.2415,3.9879,-744.45,884.95,550.35,3.0,13.0,-50.0,5.7831,1280.71,false
36,1,Forehand,779,-3.9996,-0.0187,2.9894,-1001.28,1564.88,-142.03,26.0,12.0,-118.0,4.9934,1863.22,false
37,1,Forehand,805,-3.9999,-0.0928,0.9695,-939.64,1964.9,-612.3,26.0,12.0,-118.0,4.1167,2262.45,false
38,1,Forehand,825,1.1649,0.4745,-1.6935,-664.86,1997.31,-693.05,26.0,12.0,-118.0,2.1095,2216.22,false
39,1,Forehand,844,1.1263,0.9572,-1.201,-223.27,1993.22,-860.53,26.0,12.0,-118.0,1.9046,2182.5,false
40,1,Forehand,864,0.9,1.0663,-1.0555,450.07,1997.68,-598.27,26.0,12.0,-118.0,1.7496,2133.36,false
41,1,Forehand,890,1.0964,0.0977,-0.9984,599.3,1999.33,-174.5,17.0,26.0,-74.0,1.4861,2094.5,false
42,1,Forehand,911,1.3959,0.0779,-0.9424,490.66,2000.0,224.24,17.0,26.0,-74.0,1.686,2071.48,false
43,1,Forehand,935,1.353,1.3099,-1.1565,150.45,2000.0,419.37,17.0,26.0,-74.0,2.21,2049.03,false
44,1,Forehand,954,1.1051,1.0508,-1.0859,-271.91,2000.0,396.18,17.0,26.0,-74.0,1.8721,2056.91,false
45,1,Forehand,975,1.0327,0.6482,-1.1051,-560.0,2000.0,160.89,17.0,26.0,-74.0,1.6456,2083.14,false
46,1,Forehand,1000,0.8361,0.2615,-1.2406,-623.17,1998.66,-350.22,25.0,23.0,-138.0,1.5187,2122.65,false
47,1,Forehand,1019,0.8149,1.3635,-1.0919,-377.87,1997.74,-578.67,25.0,23.0,-138.0,1.9276,2113.91,false
48,1,Forehand,1040,0.9285,1.4371,-1.004,-22.28,1997.56,-630.55,25.0,23.0,-138.0,1.9838,2094.84,false
49,1,Forehand,1065,1.1882,0.3507,-0.976,264.47,1998.17,-473.08,25.0,23.0,-138.0,1.5771,2070.37,false
50,1,Forehand,1086,1.3621,0.4799,-1.1166,405.58,1999.21,-206.36,14.0,10.0,-69.0,1.8254,2050.34,false
51,1,Forehand,1106,1.2931,1.001,-1.291,234.01,2000.0,138.55,14.0,10.0,-69.0,2.0834,2018.4,false
52,1,Forehand,1131,1.1208,1.1343,-1.2455,-47.85,2000.0,236.51,14.0,10.0,-69.0,2.0234,2014.5,false
53,1,Forehand,1151,0.975,0.6144,-1.0759,-300.23,2000.0,166.93,14.0,10.0,-69.0,1.5766,2029.29,false
54,1,Forehand,1171,0.858,0.4683,-1.0253,-471.13,1999.45,-144.65,14.0,10.0,-69.0,1.4166,2059.29,false
55,1,Forehand,1198,0.9083,1.0712,-0.9694,-373.54,1998.66,-357.18,18.0,39.0,-114.0,1.7065,2064.4,false
56,1,Forehand,1219,1.0184,1.1099,-0.9932,-163.15,1998.17,-469.73,18.0,39.0,-114.0,1.8043,2059.11,false
57,1,Forehand,1243,1.0787,0.5597,-0.9952,57.5,1998.35,-430.3,18.0,39.0,-114.0,1.5708,2044.96,false
58,1,Forehand,1264,1.1562,0.2832,-1.0599,204.35,1998.96,-278.63,18.0,39.0,-114.0,1.5939,2028.61,false
59,1,Forehand,1290,1.1425,0.6245,-1.1865,217.35,1999.69,-93.26,22.0,6.0,-114.0,1.7616,2013.63,false
60,1,Forehand,1310,1.0233,0.8257,-1.178,7.87,2000.0,111.63,22.0,6.0,-114.0,1.7654,2003.13,false
61,1,Forehand,1329,0.9539,0.5072,-1.0658,-187.01,2000.0,107.97,22.0,6.0,-114.0,1.5176,2011.62,false
62,1,Forehand,1349,0.9078,0.4048,-0.9608,-332.64,2000.0,-5.68,22.0,6.0,-114.0,1.3825,2027.48,false
63,1,Forehand,1375,0.9366,0.7058,-0.9221,-358.76,1999.39,-169.62,22.0,6.0,-114.0,1.4919,2038.39,false
64,1,Forehand,1396,1.0183,0.8473,-0.9607,-269.9,1998.78,-320.74,16.0,31.0,-74.0,1.6364,2042.26,false
65,1,Forehand,1415,1.0806,0.5371,-1.0394,-34.0,1998.54,-375.49,16.0,31.0,-74.0,1.5926,2033.79,false
66,1,Forehand,1438,1.0848,0.51,-1.1071,96.68,1998.9,-283.26,16.0,31.0,-74.0,1.6317,2021.19,false
67,1,Forehand,1459,1.0673,0.7115,-1.1868,133.54,1999.45,-148.13,16.0,31.0,-74.0,1.7475,2009.37,false
68,1,Forehand,1485,0.9987,0.7837,-1.157,72.57,1999.94,-20.2,26.0,20.0,-141.0,1.7176,2001.36,false
69,1,Forehand,1502,0.9767,0.6564,-1.0723,-47.97,2000.0,39.61,26.0,20.0,-141.0,1.592,2000.97,false
70,1,Forehand,1523,0.988,0.6123,-1.0121,-180.73,2000.0,1.71,26.0,20.0,-141.0,1.5412,2008.15,false
71,1,Forehand,1547,0.9832,0.8927,-1.0074,-272.64,1999.39,-170.47,26.0,20.0,-141.0,1.6669,2025.08,false
72,1,Forehand,1567,0.9889,1.0035,-1.0433,-231.99,1998.96,-278.87,26.0,20.0,-141.0,1.7532,2031.61,false
73,1,Forehand,1593,0.9971,0.8854,-1.0787,-131.1,1998.78,-320.68,19.0,13.0,-73.0,1.7151,2028.58,false
74,1,Forehand,1612,0.9998,0.782,-1.1034,-16.36,1998.9,-284.97,19.0,13.0,-73.0,1.6818,2019.18,false
75,1,Forehand,1633,0.9781,0.8855,-1.1179,58.35,1999.27,-193.66,19.0,13.0,-73.0,1.7293,2009.47,false
76,1,Forehand,1657,0.9961,0.8818,-1.0791,44.07,1999.82,-48.71,19.0,13.0,-73.0,1.713,2000.9,false
77,1,Forehand,1678,1.0172,0.7264,-1.0317,-41.26,2000.0,-12.82,19.0,13.0,-73.0,1.6208,2000.47,false
78,1,Forehand,1703,1.043,0.7642,-1.0031,-139.53,1999.88,-45.96,22.0,36.0,-111.0,1.6364,2005.27,false
79,1,Forehand,1724,1.0405,0.9998,-1.0623,-208.25,1999.51,-131.53,22.0,36.0,-111.0,1.7918,2014.63,false
80,1,Forehand,1745,0.9502,1.2532,-1.156,-227.66,1999.15,-223.33,22.0,36.0,-111.0,1.9518,2024.42,false
81,1,Forehand,1771,0.8988,1.2524,-1.0852,-140.32,1998.96,-269.59,22.0,36.0,-111.0,1.8852,2021.93,false
82,1,Forehand,1793,0.9867,1.0472,-1.0906,-39.12,1999.08,-244.32,24.0,2.0,-107.0,1.8054,2014.34,false
83,1,Forehand,1814,0.9596,1.0582,-1.0994,53.1,1999.08,-144.59,24.0,2.0,-107.0,1.8026,2005.01,false
84,1,Forehand,1838,0.4188,0.5311,-3.3644,76.84,1926.94,-66.22,24.0,2.0,-107.0,3.4317,1929.61,false
85,1,Forehand,1859,-0.222,0.7352,-3.0773,40.1,1558.65,-138.24,24.0,2.0,-107.0,3.1717,1565.29,false
86,1,Forehand,1879,2.1902,0.9786,2.139,135.86,1335.63,-141.24,24.0,2.0,-107.0,3.2141,1349.93,false
87,1,Forehand,1905,3.0758,0.2144,2.7179,272.83,885.19,-239.69,26.0,28.0,-105.0,4.1102,956.79,false
88,1,Forehand,1925,0.078,0.5201,-0.025,318.91,730.59,-203.43,26.0,28.0,-105.0,0.5266,822.71,false
89,1,Forehand,1949,-2.5017,1.3538,3.9999,-46.87,540.71,-254.21,26.0,28.0,-105.0,4.9082,599.32,false
90,1,Forehand,1970,2.6941,0.3406,3.9254,2.38,339.84,-297.3,26.0,28.0,-105.0,4.7732,451.54,false
91,1,Forehand,1992,4.0,0.3456,-0.2799,164.12,118.1,-269.23,23.0,12.0,-85.0,4.0246,336.7,false
92,1,Forehand,2016,1.022,0.384,-0.4591,62.13,7.81,-255.43,23.0,12.0,-85.0,1.1844,263.0,false
93,1,Forehand,2036,-0.2352,0.0914,0.0485,48.52,15.56,-194.27,23.0,12.0,-85.0,0.257,200.85,false
94,1,Forehand,2056,0.1699,0.1761,-0.1554,39.55,20.32,-172.49,23.0,12.0,-85.0,0.2899,178.13,false
95,1,Forehand,2081,0.2977,0.4146,0.0748,82.95,18.62,-106.38,23.0,12.0,-85.0,0.5158,136.18,false
96,1,Forehand,2101,0.7517,2.2195,1.9722,127.38,-103.82,415.34,17.0,11.0,-77.0,3.0628,446.67,false
97,1,Forehand,2121,0.3074,-0.3282,-0.8967,-158.45,-192.87,640.62,17.0,11.0,-77.0,1.0032,687.54,false
98,1,Forehand,2144,0.3065,-0.1465,-0.5239,-213.2,-157.53,417.97,17.0,11.0,-77.0,0.6244,494.94,false
99,1,Forehand,2163,0.2344,0.1383,0.0731,-186.65,-165.89,422.49,17.0,11.0,-77.0,0.2818,490.77,false
100,1,Forehand,2189,0.4314,0.7915,0.1893,95.52,-212.65,507.39,18.0,38.0,-91.0,0.9211,558.37,false
101,1,Forehand,2209,1.8527,3.3706,-1.274,-39.92,-198.97,155.46,18.0,38.0,-91.0,4.0517,255.64,false
102,1,Forehand,2229,0.2671,1.0938,-0.6747,-185.42,-190.31,-150.27,18.0,38.0,-91.0,1.3126,305.25,false
103,1,Forehand,2253,-0.0951,-0.1934,0.0131,-223.51,-204.47,-135.31,18.0,38.0,-91.0,0.2159,331.77,false
104,1,Forehand,2272,-0.0692,0.3446,-0.0077,-183.11,-195.01,-78.74,18.0,38.0,-91.0,0.3516,278.85,false
105,1,Forehand,2299,-0.0598,1.2582,0.1797,-98.02,-172.85,-75.13,26.0,32.0,-114.0,1.2724,212.44,false
106,1,Forehand,2318,0.0868,0.1603,0.0985,-69.58,-154.91,-186.04,26.0,32.0,-114.0,0.2072,251.89,false
107,1,Forehand,2338,0.0914,0.1748,0.0592,-86.91,-160.77,-149.41,26.0,32.0,-114.0,0.206,236.06,false
108,1,Forehand,2359,1.2371,1.8494,0.5829,-95.03,-170.23,72.27,26.0,32.0,-114.0,2.3,207.92,false
109,1,Forehand,2385,1.9329,1.3734,1.2069,77.33,-169.62,29.17,27.0,24.0,-122.0,2.6606,188.68,false
110,1,Forehand,2405,0.6342,1.178,-0.5189,193.48,-120.0,18.92,27.0,24.0,-122.0,1.4349,228.46,false
111,1,Forehand,2428,0.0614,1.1873,-0.3027,190.19,-69.21,120.0,27.0,24.0,-122.0,1.2268,235.29,false
112,1,Forehand,2448,-0.3824,1.5278,-0.6091,183.84,-39.92,75.13,27.0,24.0,-122.0,1.6887,202.57,false
113,1,Forehand,2469,-0.8755,1.9723,-1.0704,133.61,-34.06,-2.81,27.0,24.0,-122.0,2.4088,137.91,false
114,1,Forehand,2495,-0.6302,1.0415,-0.7015,73.12,-22.22,-21.79,25.0,27.0,-104.0,1.405,79.47,false
115,1,Forehand,2514,-0.2745,0.7144,-0.38,46.2,-25.02,-46.87,25.0,27.0,-104.0,0.8544,70.41,false
116,1,Forehand,2538,-0.1864,2.403,-0.8719,48.95,-68.97,-28.02,25.0,27.0,-104.0,2.5631,89.09,false
117,1,Forehand,2559,-0.2045,1.5554,-0.8538,30.15,-88.87,-113.71,25.0,27.0,-104.0,1.7861,147.43,false
118,1,Forehand,2580,-0.0491,1.6505,-0.7483,32.17,-72.02,-155.82,25.0,27.0,-104.0,1.8129,174.65,false
119,1,Forehand,2607,-0.1503,1.2172,-0.2726,9.52,-49.68,-129.64,25.0,20.0,-109.0,1.2563,139.16,false
120,1,Forehand,2627,-0.0513,1.1774,-0.3125,-23.25,-18.13,-127.62,25.0,20.0,-109.0,1.2192,130.99,false
121,1,Forehand,2649,-0.1489,1.0913,-0.2684,11.96,-10.56,-138.31,25.0,20.0,-109.0,1.1337,139.22,false
122,1,Forehand,2669,-0.2704,0.9226,-0.3344,15.81,-27.53,-119.75,25.0,20.0,-109.0,1.0179,123.89,false
123,1,Forehand,2691,-0.0753,0.8734,-0.5352,0.12,-41.99,-91.13,25.0,12.0,-107.0,1.0271,100.34,false
124,1,Forehand,2716,-0.1855,0.6593,-0.1989,-19.96,-42.66,-56.46,25.0,12.0,-107.0,0.7132,73.53,false
125,1,Forehand,2736,-0.0482,0.6825,-0.1648,-5.0,-46.02,-53.83,25.0,12.0,-107.0,0.7038,71.0,false
126,1,Forehand,2756,0.0365,0.6742,-0.2241,24.17,-37.6,-66.96,25.0,12.0,-107.0,0.7114,80.5,false
127,1,Forehand,2780,0.1161,0.5114,-0.1871,27.95,-32.65,-77.94,25.0,12.0,-107.0,0.5568,89.01,false
128,1,Forehand,2802,0.1226,0.358,0.0112,23.93,-26.79,-84.29,25.0,11.0,-106.0,0.3786,91.62,false
129,1,Forehand,2822,0.1934,0.3639,0.0811,14.1,-30.82,-58.65,25.0,11.0,-106.0,0.42,67.74,false
130,1,Forehand,2846,0.1782,0.4779,0.2157,1.89,-40.1,-55.36,25.0,11.0,-106.0,0.5538,68.38,false
131,1,Forehand,2867,0.2681,0.498,0.2477,-16.36,-46.26,-62.68,25.0,11.0,-106.0,0.6175,79.61,false
132,1,Forehand,2894,0.358,0.4302,0.2117,-39.98,-43.15,-62.68,24.0,7.0,-110.0,0.5984,85.96,false
133,1,Forehand,2914,0.257,0.4037,0.2756,-62.38,-36.5,-57.98,24.0,7.0,-110.0,0.5522,92.66,false
134,1,Forehand,2934,0.1873,0.4181,0.4156,-76.05,-32.53,-48.71,24.0,7.0,-110.0,0.6186,95.99,false
0,8,Forehand,0,-0.0654,0.783,-0.4493,-47.36,-105.65,-12.76,24.0,14.0,-143.0,0.9051,116.48,false
1,8,Forehand,20,-0.1991,0.7612,-0.5542,-48.34,-121.77,-0.98,24.0,14.0,-143.0,0.9624,131.01,false
2,8,Forehand,46,-0.2893,0.8488,-0.5885,-50.6,-144.9,6.35,24.0,14.0,-143.0,1.0726,153.61,false
3,8,Forehand,67,-0.2227,1.031,-0.5657,-42.24,-155.88,-2.44,20.0,9.0,-147.0,1.1969,161.52,false
4,8,Forehand,87,-0.173,1.0837,-0.463,-18.74,-148.32,-40.77,20.0,9.0,-147.0,1.1911,154.95,false
5,8,Forehand,111,-0.0701,1.0232,-0.359,-14.59,-139.89,-63.9,20.0,9.0,-147.0,1.0866,154.49,false
6,8,Forehand,132,0.0291,0.9004,-0.2645,-31.07,-144.9,-77.88,20.0,9.0,-147.0,0.9389,167.41,false
7,8,Forehand,152,0.0621,0.7863,-0.2211,-62.68,-161.74,-81.73,20.0,9.0,-147.0,0.8191,191.75,false
8,8,Forehand,177,0.111,0.6544,-0.2722,-109.5,-186.58,-83.07,15.0,2.0,-139.0,0.7174,231.74,false
9,8,Forehand,198,0.0349,0.5173,-0.5829,-121.34,-196.78,-82.76,15.0,2.0,-139.0,0.7801,245.55,false
10,8,Forehand,223,-0.084,0.3207,-0.9897,-95.95,-225.65,-70.68,15.0,2.0,-139.0,1.0438,255.18,false
11,8,Forehand,242,-0.0958,0.1573,-1.2435,-31.62,-292.05,-49.07,15.0,2.0,-139.0,1.2571,297.83,false
12,8,Forehand,263,-0.2686,0.0001,-1.3257,54.2,-376.22,-36.01,8.0,-8.0,-110.0,1.3526,381.81,false
13,8,Forehand,288,-0.9534,-0.4193,-1.0311,153.93,-504.94,-46.51,8.0,-8.0,-110.0,1.4656,529.93,false
14,8,Forehand,308,-1.5074,-0.845,-0.7336,161.25,-590.21,-59.33,8.0,-8.0,-110.0,1.8774,614.71,false
15,8,Forehand,328,-2.1339,-1.4246,-0.3916,98.14,-685.42,-66.89,8.0,-8.0,-110.0,2.5954,695.64,false
16,8,Forehand,5370,0.0444,1.1136,0.4594,-23.5,-3.6,-152.71,13.0,36.0,-71.0,1.2055,154.55,false
17,8,Forehand,5392,-0.0486,1.2695,0.4213,45.59,-19.59,-115.36,17.0,29.0,-74.0,1.3385,125.58,false
18,8,Forehand,5434,-0.0225,1.1093,0.6177,96.19,-12.27,-15.87,17.0,29.0,-74.0,1.2698,98.26,false
19,8,Forehand,5479,-0.2723,0.6395,0.9922,5.62,6.77,21.79,16.0,27.0,-73.0,1.2114,23.5,false
20,8,Forehand,5516,-0.2802,0.3661,1.0996,-89.42,-8.91,-42.24,16.0,27.0,-73.0,1.1923,99.29,false
21,8,Forehand,5557,-0.5597,0.4976,1.2133,-97.6,-52.19,-67.69,16.0,27.0,-73.0,1.4258,129.73,false
22,8,Forehand,5602,-0.2927,0.2573,0.9611,-177.73,-88.87,-89.66,21.0,24.0,-80.0,1.0371,218.0,false
23,8,Forehand,5643,-0.335,0.3606,0.6466,-177.86,-144.47,-140.08,21.0,24.0,-80.0,0.8126,268.56,false
24,8,Forehand,5688,-0.1702,0.6493,-0.0641,-144.78,-142.33,-131.53,24.0,16.0,-104.0,0.6743,241.91,false
25,8,Forehand,5732,0.1053,0.9331,-0.6653,-91.55,-100.77,-108.03,24.0,16.0,-104.0,1.1508,173.8,false
26,8,Forehand,5778,0.3621,1.2385,-0.8696,6.29,8.3,-83.86,26.0,12.0,-109.0,1.556,84.51,false
27,8,Forehand,5816,0.3052,1.6648,0.0995,129.33,72.94,-23.62,26.0,12.0,-109.0,1.6955,150.35,false
28,8,Forehand,5858,0.5463,1.5946,1.4232,134.4,54.81,63.72,26.0,12.0,-109.0,2.2061,158.52,false
29,8,Forehand,5898,-0.0321,1.6052,1.9731,204.53,-124.94,116.64,24.0,15.0,-95.0,2.5438,266.54,false
30,8,Forehand,5898,-0.0321,1.6052,1.9731,204.53,-124.94,116.64,24.0,15.0,-95.0,2.5438,266.54,false
31,8,Forehand,5921,-0.2238,1.4446,1.9319,207.89,-217.59,178.77,24.0,15.0,-95.0,2.4226,350.03,false
32,8,Forehand,5946,-0.1609,0.7776,1.698,165.41,-302.12,219.97,24.0,15.0,-95.0,1.8745,408.69,false
33,8,Forehand,5962,0.0121,0.3477,1.2411,126.22,-395.69,213.56,24.0,15.0,-95.0,1.2889,467.02,false
34,8,Forehand,5983,0.1292,0.2019,0.9636,112.92,-482.73,162.54,17.0,30.0,-80.0,0.993,521.72,false
35,8,Forehand,6008,0.4294,-0.1401,0.3096,65.19,-549.5,76.48,17.0,30.0,-80.0,0.5476,558.61,false
36,8,Forehand,6029,0.6602,-0.3472,-0.0966,19.35,-573.67,28.56,17.0,30.0,-80.0,0.7521,574.71,false
37,8,Forehand,6049,0.9586,-0.4827,-0.5576,-2.93,-580.99,-17.21,17.0,30.0,-80.0,1.2095,581.26,false
38,8,Forehand,6073,1.001,-0.575,-0.7688,1.16,-560.3,-80.81,17.0,30.0,-80.0,1.3869,566.1,false
39,8,Forehand,6095,1.1534,-0.7084,-0.9462,19.71,-533.51,-137.7,24.0,29.0,-105.0,1.6515,551.34,false
40,8,Forehand,6120,1.9257,-0.8223,-1.4346,60.49,-484.8,-230.47,24.0,29.0,-105.0,2.5382,540.19,false
41,8,Forehand,6140,2.7137,-0.8949,-2.0059,98.45,-419.43,-319.89,24.0,29.0,-105.0,3.4912,536.6,false
42,8,Forehand,6161,3.7302,-0.9755,-2.9181,120.54,-329.53,-417.54,24.0,29.0,-105.0,4.8354,545.4,false
43,8,Forehand,6187,4.0,-1.0704,-4.0,157.53,-161.5,-497.31,22.0,7.0,-96.0,5.7572,546.1,false
44,8,Forehand,6208,3.986,-0.8403,-4.0,274.11,320.92,-618.23,22.0,7.0,-96.0,5.7091,748.55,false
45,8,Forehand,6233,3.9995,-0.3911,-3.9872,418.58,803.1,-536.56,22.0,7.0,-96.0,5.661,1052.65,false
46,8,Forehand,6253,4.0,-0.593,-4.0,568.73,1265.93,-265.56,22.0,7.0,-96.0,5.6879,1412.99,false
47,8,Forehand,6273,3.9998,-1.21,-4.0,518.07,1637.21,64.82,22.0,7.0,-96.0,5.7846,1718.44,false
48,8,Forehand,6296,1.9625,0.8239,-1.4817,113.95,1949.46,94.12,24.0,20.0,-137.0,2.5934,1955.06,false
49,8,Forehand,6317,0.8184,0.8342,-0.4668,1.71,1911.5,79.96,24.0,20.0,-137.0,1.2584,1913.17,false
50,8,Forehand,6342,0.9264,0.7015,-0.9623,-136.29,1897.28,80.63,24.0,20.0,-137.0,1.5088,1903.87,false
51,8,Forehand,6362,0.8547,0.7686,-1.0601,-266.72,1889.4,12.02,24.0,20.0,-137.0,1.5636,1908.18,false
52,8,Forehand,6389,0.6993,0.4006,-1.0288,-352.97,1874.51,-121.95,16.0,20.0,-75.0,1.3069,1911.35,false
53,8,Forehand,6408,0.5397,0.5066,-0.8644,-316.83,1861.51,-291.69,16.0,20.0,-75.0,1.138,1910.68,false
54,8,Forehand,6428,0.6573,0.7637,-0.7614,-189.82,1860.23,-358.76,16.0,20.0,-75.0,1.2629,1903.99,false
55,8,Forehand,6445,0.8103,0.6996,-0.8303,-66.04,1860.78,-398.01,16.0,20.0,-75.0,1.3548,1904.01,false
56,8,Forehand,6469,0.861,0.7552,-0.7386,54.57,1867.55,-358.4,16.0,20.0,-75.0,1.3628,1902.42,false
57,8,Forehand,6491,1.0349,0.5671,-0.7382,174.74,1877.99,-261.41,24.0,26.0,-136.0,1.392,1904.13,false
58,8,Forehand,6510,1.103,0.4388,-0.9193,213.93,1885.62,-160.4,24.0,26.0,-136.0,1.5015,1904.48,false
59,8,Forehand,6536,0.9923,0.5975,-1.059,152.34,1889.83,-59.2,24.0,26.0,-136.0,1.5694,1896.89,false
60,8,Forehand,6556,0.8091,0.7045,-0.9082,-0.73,1891.72,63.11,24.0,26.0,-136.0,1.4056,1892.78,false
61,8,Forehand,6577,0.7321,0.7772,-0.8945,-108.64,1886.47,66.1,24.0,26.0,-136.0,1.3929,1890.76,false
62,8,Forehand,6602,0.6079,0.7004,-0.8127,-225.65,1877.26,18.43,16.0,13.0,-79.0,1.2332,1890.86,false
63,8,Forehand,6623,0.5802,0.8586,-0.6807,-285.95,1868.22,-55.79,16.0,13.0,-79.0,1.2398,1890.81,false
64,8,Forehand,6647,0.78,0.9172,-0.6564,-242.0,1856.75,-203.37,16.0,13.0,-79.0,1.3713,1883.47,false
65,8,Forehand,6667,0.839,0.7793,-0.7571,-172.67,1852.66,-278.32,16.0,13.0,-79.0,1.3727,1881.39,false
66,8,Forehand,6687,0.843,0.6273,-0.8158,-88.87,1853.82,-291.14,24.0,29.0,-125.0,1.3303,1878.65,false
67,8,Forehand,6712,0.908,0.6787,-0.8989,-2.81,1857.97,-264.95,24.0,29.0,-125.0,1.4468,1876.77,false
68,8,Forehand,6732,0.8705,0.7604,-0.9852,51.82,1862.67,-214.17,24.0,29.0,-125.0,1.5187,1875.66,false
69,8,Forehand,6752,0.7733,0.8408,-1.0054,55.3,1867.55,-139.1,24.0,29.0,-125.0,1.5218,1873.54,false
70,8,Forehand,6773,0.6854,0.6257,-0.8856,-11.41,1871.09,-43.7,24.0,29.0,-125.0,1.2828,1871.64,false
71,8,Forehand,6795,0.6909,0.5439,-0.8291,-44.62,1870.36,-29.17,19.0,8.0,-84.0,1.2086,1871.12,false
72,8,Forehand,6820,0.7194,0.6113,-0.7095,-138.37,1863.65,-48.65,19.0,8.0,-84.0,1.1809,1869.41,false
73,8,Forehand,6840,0.7676,0.7405,-0.6849,-169.07,1857.91,-95.03,19.0,8.0,-84.0,1.2675,1868.01,false
74,8,Forehand,6860,0.8773,0.6458,-0.6799,-159.06,1852.42,-157.78,19.0,8.0,-84.0,1.2841,1865.92,false
75,8,Forehand,6887,0.9061,0.3456,-0.8132,-86.79,1848.33,-226.01,24.0,33.0,-116.0,1.2656,1864.12,false
76,8,Forehand,6908,0.8588,0.3934,-0.8754,-35.52,1849.49,-224.55,24.0,33.0,-116.0,1.2878,1863.41,false
77,8,Forehand,6933,0.7898,0.439,-0.8811,5.13,1853.21,-185.06,24.0,33.0,-116.0,1.2621,1862.43,false
78,8,Forehand,6952,0.7552,0.5201,-0.8779,17.64,1856.87,-131.23,24.0,33.0,-116.0,1.2695,1861.59,false
79,8,Forehand,6972,0.739,0.6263,-0.8492,-2.62,1858.52,-87.77,24.0,33.0,-116.0,1.2883,1860.59,false
80,8,Forehand,6998,0.7869,0.7179,-0.8228,-42.11,1856.75,-77.76,20.0,6.0,-94.0,1.3459,1858.85,false
81,8,Forehand,7018,0.7239,0.8005,-0.8273,-111.27,1850.04,-109.68,20.0,6.0,-94.0,1.3599,1856.62,false
82,8,Forehand,7039,0.7295,0.9059,-0.808,-143.43,1845.58,-140.62,20.0,6.0,-94.0,1.4162,1856.48,false
83,8,Forehand,7063,0.7483,0.984,-0.827,-154.17,1841.92,-169.92,20.0,6.0,-94.0,1.4873,1856.15,false
84,8,Forehand,7085,0.6876,1.1351,-0.8871,-150.51,1840.52,-178.83,23.0,34.0,-113.0,1.5963,1855.3,false
85,8,Forehand,7110,0.6803,1.3516,-0.8479,-98.82,1842.41,-160.16,23.0,34.0,-113.0,1.7345,1851.99,false
86,8,Forehand,7130,0.7179,1.3408,-0.8364,-45.47,1844.91,-139.4,23.0,34.0,-113.0,1.7357,1850.73,false
87,8,Forehand,7151,0.7244,1.3956,-0.8683,-12.51,1846.5,-121.46,23.0,34.0,-113.0,1.7962,1850.53,false
88,8,Forehand,7176,0.6932,1.0547,-0.8372,-15.2,1846.44,-106.26,23.0,34.0,-113.0,1.5145,1849.55,false
89,8,Forehand,7197,0.7368,0.9613,-0.7856,-40.59,1845.09,-97.84,21.0,3.0,-98.0,1.4437,1848.13,false
90,8,Forehand,7223,0.7523,1.0618,-0.7709,-87.65,1839.97,-121.34,21.0,3.0,-98.0,1.5125,1846.04,false
91,8,Forehand,7243,0.7367,1.068,-0.8075,-116.94,1836.49,-139.34,21.0,3.0,-98.0,1.5282,1845.47,false
92,8,Forehand,7263,0.7418,1.1632,-0.8518,-141.48,1834.29,-144.78,21.0,3.0,-98.0,1.6214,1845.43,false
93,8,Forehand,7290,0.7308,1.3615,-0.896,-129.58,1834.17,-137.94,20.0,37.0,-108.0,1.7862,1843.91,false
94,8,Forehand,7311,0.6917,1.5674,-0.896,-89.17,1834.84,-136.11,20.0,37.0,-108.0,1.9334,1842.04,false
95,8,Forehand,7330,0.7089,1.6903,-0.8552,-41.14,1835.75,-134.22,20.0,37.0,-108.0,2.0226,1841.11,false
96,8,Forehand,7354,0.691,1.6442,-0.8477,-2.2,1836.06,-133.61,20.0,37.0,-108.0,1.9747,1840.92,false
97,8,Forehand,7375,0.6512,1.3042,-0.7932,6.35,1836.24,-118.84,20.0,37.0,-108.0,1.6596,1840.09,false
98,8,Forehand,7401,0.679,1.1399,-0.7477,-16.91,1836.06,-92.65,19.0,1.0,-98.0,1.5229,1838.47,false
99,8,Forehand,7421,0.7644,0.9961,-0.6896,-84.96,1833.31,-74.58,19.0,1.0,-98.0,1.4325,1836.8,false
100,8,Forehand,7441,0.818,1.073,-0.7301,-127.5,1829.83,-83.25,19.0,1.0,-98.0,1.5341,1836.16,false
101,8,Forehand,7467,0.8423,1.0941,-0.8412,-152.65,1823.73,-126.4,19.0,1.0,-98.0,1.6168,1834.47,false
102,8,Forehand,7489,0.8073,1.0059,-0.9009,-137.33,1820.43,-161.32,19.0,39.0,-103.0,1.5732,1832.72,false
103,8,Forehand,7507,0.7311,0.881,-0.9258,-103.27,1818.85,-185.85,19.0,39.0,-103.0,1.4723,1831.23,false
104,8,Forehand,7531,0.6628,0.9287,-0.9006,-63.78,1818.79,-192.69,19.0,39.0,-103.0,1.4536,1830.08,false
105,8,Forehand,7550,0.6355,0.9379,-0.825,-27.22,1820.19,-180.73,19.0,39.0,-103.0,1.4014,1829.34,false
106,8,Forehand,7571,0.6718,0.8583,-0.7385,-5.43,1821.78,-156.49,19.0,39.0,-103.0,1.3166,1828.49,false
107,8,Forehand,7596,0.7689,0.7426,-0.6921,-6.84,1822.94,-126.95,22.0,-1.0,-110.0,1.2735,1827.36,false
108,8,Forehand,7616,0.8094,0.7843,-0.7391,-49.32,1822.75,-89.05,22.0,-1.0,-110.0,1.3478,1825.59,false
109,8,Forehand,7641,0.8334,0.8634,-0.787,-94.12,1820.62,-81.36,22.0,-1.0,-110.0,1.435,1824.86,false
110,8,Forehand,7662,0.8489,0.7949,-0.8276,-125.67,1817.08,-98.69,22.0,-1.0,-110.0,1.4274,1824.09,false
111,8,Forehand,7688,0.8163,0.6696,-0.8759,-138.31,1812.87,-134.09,13.0,39.0,-98.0,1.3718,1823.07,false
112,8,Forehand,7707,0.7151,0.5994,-0.8937,-123.96,1808.17,-188.29,13.0,39.0,-98.0,1.292,1822.17,false
113,8,Forehand,7728,0.6646,0.6592,-0.8444,-86.98,1807.19,-206.12,13.0,39.0,-98.0,1.2606,1820.98,false
114,8,Forehand,7750,0.6681,0.7454,-0.781,-40.04,1808.23,-205.2,13.0,39.0,-98.0,1.2696,1820.27,false
115,8,Forehand,7771,-0.2949,1.119,-1.5583,34.48,1752.81,-283.2,13.0,39.0,-98.0,1.941,1775.87,false
116,8,Forehand,7796,-3.1028,2.0182,-3.2728,299.44,1323.49,-802.61,4.0,-6.0,-88.0,4.9408,1576.54,false
117,8,Forehand,7816,-2.3113,-1.0068,0.6721,728.76,602.17,-814.27,4.0,-6.0,-88.0,2.6091,1247.69,false
118,8,Forehand,7837,1.2994,-0.9435,1.2476,1000.92,612.43,-175.54,4.0,-6.0,-88.0,2.0335,1186.47,false
119,8,Forehand,7863,3.8112,-0.4429,-0.4974,723.02,635.56,-7.02,4.0,-6.0,-88.0,3.8689,962.68,false
120,8,Forehand,7886,3.2166,-0.9333,-0.0736,75.68,484.44,-64.7,-2.0,-6.0,-138.0,3.35,494.56,false
121,8,Forehand,7906,3.5684,-0.9066,-0.399,-534.42,308.84,-359.13,-2.0,-6.0,-138.0,3.7033,714.12,false
122,8,Forehand,7930,4.0,-0.6917,-0.7556,-529.97,190.06,-480.35,-2.0,-6.0,-138.0,4.1291,740.08,false
123,8,Forehand,7949,3.9832,0.0106,-0.7976,-463.26,37.96,-522.64,-2.0,-6.0,-138.0,4.0622,699.43,false
124,8,Forehand,7970,3.754,0.3407,-0.8367,-398.93,-145.14,-489.81,-2.0,-6.0,-138.0,3.8612,648.17,false
125,8,Forehand,7995,2.4089,0.1697,-0.0743,-304.69,-230.71,-403.81,-40.0,5.0,-105.0,2.416,555.99,false
126,8,Forehand,8016,1.3679,0.0,0.4716,-234.44,-243.96,-258.61,-40.0,5.0,-105.0,1.4469,425.86,false
127,8,Forehand,8040,0.6753,-0.174,0.5201,-232.67,-209.17,-74.4,-40.0,5.0,-105.0,0.87,321.59,false
128,8,Forehand,8060,0.8856,-0.4473,0.2462,-202.03,-149.17,52.8,-40.0,5.0,-105.0,1.0222,256.62,false
129,8,Forehand,8081,1.0498,-0.3837,-0.0415,-156.43,-87.4,140.62,-40.0,5.0,-105.0,1.1185,227.78,false
130,8,Forehand,8107,0.6753,-0.4001,-0.0292,-89.97,-13.98,207.4,-44.0,1.0,-79.0,0.7855,226.5,false
131,8,Forehand,8126,0.666,-0.4524,0.1556,-50.54,46.14,232.79,-44.0,1.0,-79.0,0.82,242.64,false
132,8,Forehand,8151,1.0507,-0.4359,0.0728,-27.1,110.35,241.82,-44.0,1.0,-79.0,1.1398,267.19,false
133,8,Forehand,8171,1.3859,-0.3966,-0.0659,-6.84,161.07,229.37,-44.0,1.0,-79.0,1.443,280.36,false
134,8,Forehand,8193,1.3501,-0.4856,-0.0463,38.51,185.79,202.58,-33.0,-2.0,-95.0,1.4355,277.56,false
135,8,Forehand,8216,1.4324,-0.5591,-0.2056,112.0,174.68,164.61,-33.0,-2.0,-95.0,1.5513,264.87,false
136,8,Forehand,8236,1.6732,-0.62,-0.307,151.67,151.31,137.63,-33.0,-2.0,-95.0,1.8106,254.64,false
137,8,Forehand,8257,1.6351,-0.6082,-0.2642,182.56,141.05,113.46,-33.0,-2.0,-95.0,1.7645,257.09,false
138,8,Forehand,8279,1.4443,-0.6163,-0.2881,204.28,139.1,98.21,-33.0,-2.0,-95.0,1.5965,265.94,false
139,8,Forehand,8301,0.892,-0.5046,-0.2811,213.75,123.47,68.54,-21.0,-6.0,-117.0,1.0627,256.19,false
140,8,Forehand,8326,0.8306,-0.5238,-0.4048,217.65,86.73,38.88,-21.0,-6.0,-117.0,1.0621,237.5,false
141,8,Forehand,8347,1.3005,-0.4564,-0.3427,223.82,58.04,15.93,-21.0,-6.0,-117.0,1.4203,231.77,false
142,8,Forehand,8367,1.0957,-0.3724,-0.2102,226.38,66.28,-26.55,-21.0,-6.0,-117.0,1.1762,237.37,false
143,8,Forehand,8392,0.7958,-0.3293,-0.2474,217.16,73.73,-51.15,-12.0,-4.0,-134.0,0.8961,234.97,false
144,8,Forehand,8413,0.5963,-0.2527,-0.3192,201.54,62.74,-84.05,-12.0,-4.0,-134.0,0.722,227.2,false
145,8,Forehand,8438,0.7052,-0.312,-0.2788,175.96,32.47,-138.49,-12.0,-4.0,-134.0,0.82,226.27,false
146,8,Forehand,8455,0.7843,-0.3082,-0.2385,159.0,26.86,-161.32,-12.0,-4.0,-134.0,0.8758,228.09,false
147,8,Forehand,8475,0.7039,-0.2838,-0.2286,148.99,25.09,-172.67,-12.0,-4.0,-134.0,0.7926,229.44,false
148,8,Forehand,8502,0.5759,-0.212,-0.2548,109.25,9.58,-225.77,-10.0,-1.0,-142.0,0.6645,251.0,false
149,8,Forehand,8522,0.8354,-0.2267,-0.259,87.4,4.82,-253.97,-10.0,-1.0,-142.0,0.9036,268.63,false
150,8,Forehand,8542,0.9314,-0.2299,-0.225,74.58,11.66,-264.16,-10.0,-1.0,-142.0,0.9854,274.74,false
151,8,Forehand,8568,0.7817,-0.2135,-0.223,56.03,14.65,-266.48,-10.0,-1.0,-142.0,0.8405,272.7,false
152,8,Forehand,8590,0.73,-0.1902,-0.2787,34.85,2.99,-263.43,-15.0,4.0,-144.0,0.8042,265.74,false
153,8,Forehand,8615,0.6757,-0.2325,-0.2189,7.93,-10.99,-242.8,-15.0,4.0,-144.0,0.7473,243.18,false
154,8,Forehand,8634,0.8159,-0.2739,-0.3147,-22.46,-25.76,-212.16,-15.0,4.0,-144.0,0.9164,214.89,false
155,8,Forehand,8654,0.922,-0.2926,-0.3619,-52.37,-39.0,-179.93,-15.0,4.0,-144.0,1.0328,191.41,false
156,8,Forehand,8674,0.877,-0.3052,-0.3818,-89.48,-51.7,-130.98,-15.0,4.0,-144.0,1.004,166.84,false
157,8,Forehand,8698,0.8002,-0.3352,-0.4249,-103.45,-59.57,-96.56,-27.0,2.0,-130.0,0.966,153.54,false
158,8,Forehand,8719,0.782,-0.3359,-0.4468,-104.86,-63.72,-62.62,-27.0,2.0,-130.0,0.9612,137.76,false
159,8,Forehand,8744,0.7712,-0.34,-0.4761,-96.44,-65.0,-37.78,-27.0,2.0,-130.0,0.968,122.28,false
160,8,Forehand,8765,0.7675,-0.3584,-0.5016,-79.59,-64.58,-21.42,-27.0,2.0,-130.0,0.9844,104.71,false
161,8,Forehand,8790,0.8391,-0.3959,-0.5225,-53.96,-59.33,-3.6,-31.0,4.0,-122.0,1.0648,80.27,false
162,8,Forehand,8810,0.6932,-0.3354,-0.4258,-8.48,-41.69,10.38,-31.0,4.0,-122.0,0.88,43.79,false
163,8,Forehand,8831,0.7001,-0.3738,-0.4199,19.71,-30.64,15.08,-31.0,4.0,-122.0,0.8979,39.43,false
164,8,Forehand,8856,0.8125,-0.4038,-0.4551,42.85,-18.31,23.44,-31.0,4.0,-122.0,1.015,52.16,false
165,8,Forehand,8876,0.8582,-0.3907,-0.4432,49.26,-9.34,31.92,-31.0,4.0,-122.0,1.0419,59.43,false
166,8,Forehand,8903,0.7957,-0.3684,-0.4169,56.76,2.08,32.23,-30.0,3.0,-125.0,0.9709,65.31,false
167,8,Forehand,8923,0.7549,-0.3661,-0.3938,64.51,15.01,33.39,-30.0,3.0,-125.0,0.9268,74.18,false
168,8,Forehand,8941,0.7201,-0.3284,-0.3821,65.67,28.32,35.58,-30.0,3.0,-125.0,0.8788,79.88,false
169,8,Forehand,8962,0.7341,-0.3181,-0.4233,59.81,37.78,39.31,-30.0,3.0,-125.0,0.9052,80.93,false
170,8,Forehand,8987,0.7472,-0.3173,-0.4971,37.78,37.54,40.41,-30.0,3.0,-125.0,0.9519,66.85,false
171,8,Forehand,9008,0.7313,-0.3199,-0.4939,28.32,35.46,40.41,-24.0,2.0,-132.0,0.9387,60.76,false
0,9,Forehand,0,0.6715,1.1404,-0.0446,136.66,-209.72,160.64,18.0,2.0,-93.0,1.3242,297.43,false
1,9,Forehand,20,0.501,0.8829,-0.0886,149.48,-215.45,143.01,18.0,2.0,-93.0,1.019,298.69,false
2,9,Forehand,46,0.2754,0.6621,-0.0833,138.24,-210.75,115.17,16.0,10.0,-77.0,0.7219,277.12,false
3,9,Forehand,64,-0.0637,0.5184,-0.1129,81.79,-181.15,76.9,16.0,10.0,-77.0,0.5344,213.12,false
4,9,Forehand,84,-0.2224,0.4836,-0.0048,41.56,-146.67,53.65,16.0,10.0,-77.0,0.5324,161.61,false
5,9,Forehand,105,-0.1355,0.4445,0.1123,7.02,-115.3,25.88,16.0,10.0,-77.0,0.478,118.37,false
6,9,Forehand,129,0.0945,0.4126,0.1738,-29.48,-106.14,-3.78,16.0,10.0,-77.0,0.4576,110.22,false
7,9,Forehand,150,0.2422,0.484,0.1641,-69.03,-118.41,-20.32,18.0,15.0,-69.0,0.5655,138.56,false
8,9,Forehand,175,0.2235,0.7908,-0.0293,-99.91,-137.94,-20.2,18.0,15.0,-69.0,0.8223,171.52,false
9,9,Forehand,195,0.1156,1.063,-0.1554,-80.02,-134.58,-23.93,18.0,15.0,-69.0,1.0805,158.39,false
10,9,Forehand,214,0.0383,1.304,-0.1998,-37.9,-118.47,-11.11,18.0,15.0,-69.0,1.3197,124.88,false
11,9,Forehand,235,0.0334,1.3911,-0.233,9.64,-100.77,19.71,18.0,15.0,-69.0,1.4109,103.13,false
12,9,Forehand,262,0.0358,1.3208,-0.2971,56.76,-91.86,43.82,20.0,19.0,-74.0,1.3543,116.53,false
13,9,Forehand,282,-0.0216,1.2178,-0.3533,102.36,-91.55,45.96,20.0,19.0,-74.0,1.2682,144.81,false
14,9,Forehand,307,-0.0891,1.0713,-0.2595,160.1,-83.44,36.19,20.0,19.0,-74.0,1.1059,184.12,false
15,9,Forehand,327,-0.1313,0.9314,-0.2079,168.82,-73.3,40.28,20.0,19.0,-74.0,0.9633,188.41,false
16,9,Forehand,349,-0.2638,0.819,-0.1094,167.54,-59.27,30.21,13.0,23.0,-55.0,0.8673,180.26,false
17,9,Forehand,373,-0.3618,0.7375,0.0717,162.41,-42.18,8.61,13.0,23.0,-55.0,0.8246,168.02,false
18,9,Forehand,392,-0.2977,0.6593,0.313,145.32,-30.76,-5.92,13.0,23.0,-55.0,0.7882,148.66,false
19,9,Forehand,412,-0.1011,0.5927,0.4856,114.38,-33.45,-18.25,13.0,23.0,-55.0,0.7728,120.56,false
20,9,Forehand,432,0.0182,0.6038,0.5081,62.99,-61.52,-40.65,13.0,23.0,-55.0,0.7893,96.98,false
21,9,Forehand,459,-0.0455,0.8478,0.5806,55.18,-74.95,-49.19,6.0,27.0,-49.0,1.0285,105.27,false
22,9,Forehand,479,0.1182,0.9862,0.7559,68.54,-84.78,-43.27,6.0,27.0,-49.0,1.2482,117.29,false
23,9,Forehand,503,0.5386,1.0044,1.0242,72.63,-102.05,-9.64,6.0,27.0,-49.0,1.5323,125.63,false
24,9,Forehand,523,1.0007,0.89,1.2501,57.37,-146.12,44.37,6.0,27.0,-49.0,1.832,163.13,false
25,9,Forehand,545,1.4495,0.6902,1.3352,36.38,-224.91,103.76,5.0,34.0,-49.0,2.0881,250.35,false
26,9,Forehand,569,1.9764,0.2152,0.8008,10.31,-396.24,187.87,5.0,34.0,-49.0,2.1433,438.64,false
27,9,Forehand,590,2.1155,-0.191,0.109,10.74,-511.9,212.59,5.0,34.0,-49.0,2.1269,554.39,false
28,9,Forehand,610,2.1277,-0.651,-0.5403,40.71,-603.94,212.46,5.0,34.0,-49.0,2.2897,641.52,false
29,9,Forehand,634,2.5992,-1.7583,-1.9176,115.3,-680.91,196.78,5.0,34.0,-49.0,3.6776,718.09,false
30,9,Forehand,634,2.5992,-1.7583,-1.9176,115.3,-680.91,196.78,5.0,34.0,-49.0,3.6776,718.09,false
31,9,Forehand,657,3.5586,-2.5568,-3.8329,284.67,-776.43,-38.33,4.0,47.0,-99.0,5.8217,827.86,false
32,9,Forehand,676,3.7935,-2.8832,-4.0,229.92,-786.62,-377.38,4.0,47.0,-99.0,6.2212,902.25,false
33,9,Forehand,697,2.3734,-2.036,-3.9746,-56.88,-669.07,-627.14,4.0,47.0,-99.0,5.0573,918.8,false
34,9,Forehand,718,-0.3457,-0.2108,-3.9923,-330.99,-213.75,-800.54,4.0,47.0,-99.0,4.0128,892.25,false
35,9,Forehand,738,-1.0472,1.4156,-4.0,-107.3,709.9,-951.11,4.0,47.0,-99.0,4.3704,1191.67,false
36,9,Forehand,764,3.4973,0.7579,-3.9998,450.13,1697.2,-614.44,25.0,29.0,-108.0,5.3669,1860.29,false
37,9,Forehand,784,4.0,-0.4821,-3.9998,510.62,1999.27,-198.55,25.0,29.0,-108.0,5.6772,2072.97,false
38,9,Forehand,804,2.4226,1.1317,-2.1792,102.42,1989.2,-325.87,25.0,29.0,-108.0,3.4495,2018.31,false
39,9,Forehand,828,1.6846,0.4836,-1.734,130.13,1997.68,-218.57,25.0,29.0,-108.0,2.4655,2013.81,false
40,9,Forehand,849,1.5728,0.5127,-1.874,36.99,1999.82,-61.71,29.0,21.0,-129.0,2.4997,2001.11,false
41,9,Forehand,875,1.3137,0.2269,-1.5222,-205.63,1999.88,19.84,29.0,21.0,-129.0,2.0235,2010.52,false
42,9,Forehand,894,1.3995,0.6713,-1.3529,-279.3,1999.94,-2.87,29.0,21.0,-129.0,2.059,2019.35,false
43,9,Forehand,913,1.6202,0.7291,-1.4531,-353.7,1999.45,-145.94,29.0,21.0,-129.0,2.2953,2035.73,false
44,9,Forehand,934,1.6788,0.6416,-1.5216,-237.67,1998.47,-406.01,29.0,21.0,-129.0,2.3549,2053.1,false
45,9,Forehand,959,1.8407,0.116,-1.7831,-37.6,1998.17,-471.68,25.0,3.0,-106.0,2.5653,2053.43,false
46,9,Forehand,980,1.5613,0.7246,-1.907,113.04,1998.54,-382.32,25.0,3.0,-106.0,2.5689,2037.91,false
47,9,Forehand,1004,1.4882,1.1372,-1.7203,177.37,1999.33,-178.53,25.0,3.0,-106.0,2.5431,2015.1,false
48,9,Forehand,1023,1.5037,0.7522,-1.505,86.67,2000.0,-13.85,25.0,3.0,-106.0,2.2565,2001.92,false
49,9,Forehand,1045,1.5237,0.8478,-1.3816,-114.2,2000.0,51.39,18.0,24.0,-73.0,2.2247,2003.92,false
50,9,Forehand,1070,1.6841,1.6788,-1.5093,-318.91,1999.57,-111.33,18.0,24.0,-73.0,2.8165,2027.9,false
51,9,Forehand,1090,1.7013,1.2374,-1.681,-310.73,1998.9,-290.47,18.0,24.0,-73.0,2.6929,2043.66,false
52,9,Forehand,1111,1.6483,0.5398,-1.874,-189.82,1998.41,-419.49,18.0,24.0,-73.0,2.5535,2050.77,false
53,9,Forehand,1135,1.3003,0.9493,-1.7938,16.42,1998.6,-362.3,18.0,24.0,-73.0,2.4104,2031.24,false
54,9,Forehand,1157,1.3158,0.8251,-1.5295,87.28,1999.27,-188.6,24.0,33.0,-111.0,2.1798,2010.04,false
55,9,Forehand,1177,1.4952,0.473,-1.3673,23.68,1999.88,-37.9,24.0,33.0,-111.0,2.0806,2000.38,false
56,9,Forehand,1202,1.6831,0.6389,-1.3347,-107.73,2000.0,2.5,24.0,33.0,-111.0,2.2411,2002.9,false
57,9,Forehand,1222,1.7578,0.9362,-1.5228,-229.37,1999.69,-85.75,24.0,33.0,-111.0,2.507,2014.63,false
58,9,Forehand,1242,1.6482,0.7052,-1.6947,-247.56,1998.9,-282.29,24.0,33.0,-111.0,2.467,2033.86,false
59,9,Forehand,1267,1.4077,0.5571,-1.7603,-154.17,1998.66,-345.83,26.0,11.0,-137.0,2.3218,2034.21,false
60,9,Forehand,1287,1.2905,0.7721,-1.6139,-51.27,1998.84,-307.19,26.0,11.0,-137.0,2.206,2022.96,false
61,9,Forehand,1312,1.4095,0.6451,-1.4479,7.32,1999.21,-209.59,26.0,11.0,-137.0,2.1212,2010.18,false
62,9,Forehand,1333,1.5857,0.486,-1.459,-26.61,1999.51,-135.68,26.0,11.0,-137.0,2.2089,2004.29,false
63,9,Forehand,1355,1.6765,0.7401,-1.4797,-98.27,1999.57,-115.6,19.0,8.0,-81.0,2.3554,2005.32,false
64,9,Forehand,1377,1.5983,0.754,-1.6661,-170.04,1999.39,-170.72,19.0,8.0,-81.0,2.4288,2013.86,false
65,9,Forehand,1397,1.4919,0.6895,-1.6862,-168.64,1999.15,-222.53,19.0,8.0,-81.0,2.3546,2018.55,false
66,9,Forehand,1417,1.4043,0.6891,-1.6144,-124.15,1999.02,-254.15,19.0,8.0,-81.0,2.2479,2018.94,false
67,9,Forehand,1441,1.3665,0.8124,-1.5166,-71.41,1999.08,-236.57,19.0,8.0,-81.0,2.1971,2014.3,false
68,9,Forehand,1463,1.4374,0.7516,-1.4099,-48.58,1999.33,-182.13,18.0,32.0,-82.0,2.1491,2008.19,false
69,9,Forehand,1488,1.6161,0.6088,-1.4587,-93.63,1999.51,-131.16,18.0,32.0,-82.0,2.2606,2006.0,false
70,9,Forehand,1508,1.6122,0.6777,-1.5583,-144.35,1999.45,-145.26,18.0,32.0,-82.0,2.3424,2009.91,false
71,9,Forehand,1528,1.5519,0.7078,-1.6538,-169.86,1999.27,-188.84,18.0,32.0,-82.0,2.3758,2015.34,false
72,9,Forehand,1553,1.4611,0.6088,-1.63,-147.28,1999.08,-234.74,27.0,28.0,-134.0,2.272,2018.2,false
73,9,Forehand,1574,1.3947,0.6531,-1.5538,-97.11,1999.08,-248.78,27.0,28.0,-134.0,2.1877,2016.84,false
74,9,Forehand,1595,1.4379,0.8312,-1.4728,-59.75,1999.15,-223.27,27.0,28.0,-134.0,2.2198,2012.46,false
75,9,Forehand,1619,1.5371,0.7965,-1.4536,-75.68,1999.39,-168.15,27.0,28.0,-134.0,2.2606,2007.87,false
76,9,Forehand,1641,1.559,0.9791,-1.5448,-115.72,1999.45,-150.02,27.0,28.0,-134.0,2.4032,2008.41,false
77,9,Forehand,1667,1.5242,1.074,-1.6268,-147.22,1999.39,-161.62,21.0,4.0,-120.0,2.4745,2011.31,false
78,9,Forehand,1687,1.4039,0.7941,-1.61,-142.58,1999.21,-206.6,21.0,4.0,-120.0,2.279,2014.9,false
79,9,Forehand,1707,1.4076,0.795,-1.5316,-114.5,1999.15,-233.95,21.0,4.0,-120.0,2.2269,2016.04,false
80,9,Forehand,1727,1.4181,0.9252,-1.4709,-84.84,1999.08,-237.92,21.0,4.0,-120.0,2.2429,2014.98,false
81,9,Forehand,1752,1.4875,0.7936,-1.4136,-61.4,1999.21,-209.96,18.0,20.0,-68.0,2.2002,2011.14,false
82,9,Forehand,1773,1.5874,0.6958,-1.4546,-60.61,1999.33,-174.93,18.0,20.0,-68.0,2.2627,2007.88,false
83,9,Forehand,1797,1.5461,0.851,-1.6272,-111.69,1999.45,-150.63,18.0,20.0,-68.0,2.4005,2008.23,false
84,9,Forehand,1815,1.4617,0.7441,-1.6309,-142.46,1999.39,-167.05,18.0,20.0,-68.0,2.313,2011.41,false
85,9,Forehand,1835,1.4049,0.8025,-1.5629,-143.31,1999.21,-204.1,18.0,20.0,-68.0,2.2495,2014.7,false
86,9,Forehand,1862,1.4171,0.9681,-1.5109,-114.69,1999.08,-241.52,17.0,34.0,-108.0,2.2865,2016.88,false
87,9,Forehand,1882,1.4373,1.0078,-1.5083,-82.7,1999.02,-251.34,17.0,34.0,-108.0,2.3144,2016.46,false
88,9,Forehand,1902,1.4945,1.0125,-1.5084,-72.88,1999.27,-198.0,17.0,34.0,-108.0,2.3524,2010.37,false
89,9,Forehand,1927,1.5048,1.0862,-1.5394,-88.07,1999.45,-153.26,17.0,34.0,-108.0,2.4112,2007.25,false
90,9,Forehand,1949,1.4777,1.1207,-1.5664,-110.23,1999.51,-135.44,27.0,15.0,-132.0,2.4276,2007.12,false
91,9,Forehand,1973,1.4457,1.0747,-1.553,-123.96,1999.39,-156.68,27.0,15.0,-132.0,2.3784,2009.35,false
92,9,Forehand,1993,1.4261,1.012,-1.5349,-124.27,1999.27,-201.54,27.0,15.0,-132.0,2.3268,2013.24,false
93,9,Forehand,2014,0.9967,1.0487,-0.9843,-109.74,1999.08,-243.23,27.0,15.0,-132.0,1.7498,2016.81,false
94,9,Forehand,2037,0.1062,-0.1174,0.3284,206.79,1999.82,-57.56,27.0,15.0,-132.0,0.3645,2011.3,false
95,9,Forehand,2059,1.4628,0.4846,-1.0748,127.99,2000.0,85.69,15.0,11.0,-74.0,1.8788,2005.92,false
96,9,Forehand,2084,1.0581,1.0392,-1.0667,-92.41,2000.0,139.16,15.0,11.0,-74.0,1.8268,2006.96,false
97,9,Forehand,2103,1.0505,0.7764,-1.0106,-277.83,2000.0,77.76,15.0,11.0,-74.0,1.6516,2020.7,false
98,9,Forehand,2122,1.0498,0.7034,-1.0209,-356.38,1999.63,-100.89,15.0,11.0,-74.0,1.6245,2033.65,false
99,9,Forehand,2142,1.0452,0.856,-1.0668,-237.18,1998.6,-370.0,15.0,11.0,-74.0,1.7213,2046.35,false
100,9,Forehand,2167,1.0702,0.9821,-1.1737,-64.58,1998.35,-432.13,22.0,35.0,-114.0,1.8674,2045.56,false
101,9,Forehand,2187,1.0435,0.837,-1.2052,82.7,1998.6,-367.0,22.0,35.0,-114.0,1.8005,2033.7,false
102,9,Forehand,2213,1.0392,0.6829,-1.1613,144.47,1999.21,-210.08,22.0,35.0,-114.0,1.7014,2015.4,false
103,9,Forehand,2231,1.0615,0.7306,-1.1373,97.78,1999.88,-44.01,22.0,35.0,-114.0,1.7188,2002.75,false
104,9,Forehand,2253,1.0481,0.858,-1.1023,-35.95,2000.0,61.4,25.0,4.0,-115.0,1.7464,2001.27,false
105,9,Forehand,2278,1.0404,0.8164,-0.9825,-243.23,2000.0,19.78,25.0,4.0,-115.0,1.6475,2014.83,false
106,9,Forehand,2299,1.072,0.8168,-0.9712,-289.86,1999.57,-121.58,25.0,4.0,-115.0,1.6612,2024.13,false
107,9,Forehand,2319,1.0819,0.953,-1.0681,-239.01,1998.96,-272.4,25.0,4.0,-115.0,1.7943,2031.55,false
108,9,Forehand,2342,1.1075,1.176,-1.1533,-120.06,1998.66,-358.15,25.0,4.0,-115.0,1.9849,2034.04,false
109,9,Forehand,2364,2.2271,2.7379,-0.1008,191.96,1979.86,-425.66,17.0,26.0,-72.0,3.5307,2034.18,false
110,9,Forehand,2390,2.8759,0.9514,2.4871,146.3,1240.78,-412.17,17.0,26.0,-72.0,3.9193,1315.61,false
111,9,Forehand,2409,1.5829,-0.2208,0.1766,-271.97,805.85,15.14,17.0,26.0,-72.0,1.6079,850.64,false
112,9,Forehand,2428,0.1699,0.0745,-0.4611,-188.9,857.18,-50.54,17.0,26.0,-72.0,0.497,879.2,false
113,9,Forehand,2451,0.1932,0.0471,-0.1703,-171.39,870.18,-125.92,23.0,5.0,-115.0,0.2618,895.79,false
114,9,Forehand,2472,0.2484,-0.0187,-0.1713,-162.11,859.13,-159.48,23.0,5.0,-115.0,0.3023,888.72,false
115,9,Forehand,2493,0.2159,-0.0359,-0.1934,-129.15,858.22,-192.44,23.0,5.0,-115.0,0.2921,888.96,false
116,9,Forehand,2517,0.2041,-0.0127,-0.1771,-69.76,858.4,-222.72,23.0,5.0,-115.0,0.2705,889.56,false
117,9,Forehand,2538,0.1934,0.0199,-0.182,-26.67,859.62,-225.34,23.0,5.0,-115.0,0.2663,889.06,false
118,9,Forehand,2564,0.1826,0.0521,-0.1823,16.42,862.0,-215.03,24.0,20.0,-138.0,0.2632,888.57,false
119,9,Forehand,2583,0.1758,0.1171,-0.1776,56.21,864.81,-192.93,24.0,20.0,-138.0,0.276,887.85,false
120,9,Forehand,2603,0.1783,0.1044,-0.1764,89.6,868.29,-161.74,24.0,20.0,-138.0,0.2717,887.76,false
121,9,Forehand,2624,0.1825,0.1316,-0.1808,121.52,873.23,-105.47,24.0,20.0,-138.0,0.2886,887.93,false
122,9,Forehand,2644,0.0701,0.4469,-0.1372,120.54,868.9,-83.01,24.0,20.0,-138.0,0.4727,881.14,false
123,9,Forehand,2666,-0.7153,2.4469,1.2202,41.26,796.2,-196.96,23.0,32.0,-97.0,2.8263,821.24,false
124,9,Forehand,2691,-1.0056,3.9186,3.9999,-146.18,521.24,-297.85,23.0,32.0,-97.0,5.6891,617.88,false
125,9,Forehand,2712,1.8235,2.366,3.3502,-129.52,209.47,-133.73,23.0,32.0,-97.0,4.4885,280.24,false
126,9,Forehand,2733,1.6672,0.1478,0.6444,-4.76,65.55,-73.3,23.0,32.0,-97.0,1.7935,98.45,false
127,9,Forehand,2756,0.1929,0.4402,-0.3737,-29.6,77.82,-43.15,24.0,25.0,-102.0,0.6088,93.78,false
128,9,Forehand,2776,0.1525,0.4,-0.2415,-25.15,96.31,18.62,24.0,25.0,-102.0,0.4915,101.27,false
129,9,Forehand,2802,0.1118,0.4779,-0.2264,-7.75,101.99,63.42,24.0,25.0,-102.0,0.5405,120.35,false
130,9,Forehand,2823,0.0892,0.7854,-0.2981,26.43,95.09,100.34,24.0,25.0,-102.0,0.8448,140.75,false
131,9,Forehand,2844,0.0177,1.4948,-0.5579,64.09,73.55,103.88,24.0,25.0,-102.0,1.5956,142.51,false
132,9,Forehand,2870,-0.392,1.313,-0.2991,7.51,25.63,13.79,21.0,30.0,-91.0,1.4025,30.06,false
133,9,Forehand,2886,-0.3516,0.5309,0.0795,-19.23,5.68,-19.53,21.0,30.0,-91.0,0.6417,27.99,false
134,9,Forehand,2912,-0.0798,0.9586,0.1545,-5.37,-5.31,-19.71,21.0,30.0,-91.0,0.9743,21.11,false
135,9,Forehand,2932,0.1304,1.2212,0.0546,2.44,-8.79,-5.49,21.0,30.0,-91.0,1.2293,10.65,false
136,9,Forehand,2952,0.1942,0.9114,0.0182,-2.2,-6.9,-1.04,21.0,32.0,-97.0,0.932,7.31,false
137,9,Forehand,2976,0.1003,1.0035,-0.0596,0.55,-0.12,0.55,21.0,32.0,-97.0,1.0103,0.79,false
138,9,Forehand,2997,-0.0256,0.9858,-0.0612,1.4,2.01,0.85,21.0,32.0,-97.0,0.9881,2.6,false
139,9,Forehand,3018,0.026,0.9852,-0.0446,0.37,-0.85,-0.37,21.0,32.0,-97.0,0.9866,1.0,false
140,9,Forehand,3042,0.0719,0.9835,-0.0438,0.24,-0.79,-0.24,21.0,32.0,-97.0,0.9871,0.87,false
141,9,Forehand,3064,0.0327,0.9839,-0.0533,0.73,0.49,0.06,22.0,30.0,-95.0,0.9859,0.88,false
142,9,Forehand,3083,0.0482,0.9841,-0.0444,0.49,-0.31,-0.06,22.0,30.0,-95.0,0.9863,0.58,false
0,10,Forehand,0,-0.2699,0.8331,-0.2065,36.93,66.28,-46.39,26.0,24.0,-129.0,0.8998,88.93,false
1,10,Forehand,43,-0.2255,0.905,-0.1515,-29.97,69.52,-16.72,26.0,24.0,-129.0,0.9449,77.53,false
2,10,Forehand,157,-0.189,1.0283,-0.0148,-38.88,34.24,0.37,26.0,21.0,-131.0,1.0456,51.81,false
3,10,Forehand,197,-0.1985,1.043,0.0576,-29.36,17.03,22.09,24.0,24.0,-136.0,1.0632,40.5,false
4,10,Forehand,242,-0.2168,1.03,0.0941,-16.85,-7.69,42.36,24.0,24.0,-136.0,1.0568,46.23,false
5,10,Forehand,286,-0.2729,1.0061,0.1234,26.43,-38.88,36.93,24.0,24.0,-136.0,1.0498,59.78,false
6,10,Forehand,329,-0.3052,1.0017,0.1548,35.03,-53.65,19.35,25.0,25.0,-133.0,1.0585,66.93,false
7,10,Forehand,372,-0.2222,1.095,0.2273,18.98,-60.61,7.75,25.0,25.0,-133.0,1.1402,63.98,false
8,10,Forehand,543,-0.2625,0.8002,0.2905,91.49,-194.52,33.39,27.0,24.0,-128.0,0.8908,217.54,false
9,10,Forehand,584,-0.2007,0.7189,0.2311,25.7,-231.81,36.5,27.0,24.0,-128.0,0.7813,236.07,false
10,10,Forehand,628,-0.397,1.3853,-0.248,157.59,-260.01,23.8,27.0,21.0,-125.0,1.4622,304.97,false
11,10,Forehand,670,-0.1445,0.7228,0.4535,140.38,-284.73,-7.08,27.0,21.0,-125.0,0.8654,317.53,false
12,10,Forehand,714,-0.1473,0.8794,0.0256,93.99,-324.28,-4.58,27.0,17.0,-114.0,0.892,337.66,false
13,10,Forehand,757,0.0823,1.4269,-1.6954,120.91,-299.99,-5.55,27.0,17.0,-114.0,2.2175,323.49,false
14,10,Forehand,798,-0.5781,0.5557,-0.1096,57.8,-203.61,41.5,25.0,16.0,-103.0,0.8093,215.69,false
15,10,Forehand,909,-0.3522,1.0319,-0.2034,-8.73,-121.52,53.83,27.0,16.0,-97.0,1.1091,133.2,false
16,10,Forehand,949,-0.7068,1.1608,-0.0735,-86.18,-165.34,138.79,27.0,16.0,-97.0,1.361,232.44,false
17,10,Forehand,995,-0.512,0.6604,-0.4901,-178.22,-198.43,154.42,25.0,23.0,-114.0,0.9687,308.19,false
18,10,Forehand,1038,-0.4568,0.6293,-0.6455,-190.8,-187.81,156.19,25.0,23.0,-114.0,1.0106,309.95,false
19,10,Forehand,1300,0.5117,0.498,-0.0747,103.82,-68.3,60.06,25.0,25.0,-135.0,0.718,138.02,false
20,10,Forehand,1342,0.4,0.5394,-0.0927,117.25,47.67,47.55,25.0,25.0,-135.0,0.6779,135.2,false
21,10,Forehand,1386,-0.5521,0.6505,-0.5876,84.84,59.2,90.27,25.0,25.0,-135.0,1.036,137.3,false
22,10,Forehand,1429,-1.0254,0.7271,-1.382,1.4,-36.62,97.41,25.0,28.0,-128.0,1.8681,104.08,false
23,10,Forehand,1469,-1.2097,0.7061,-1.573,-0.98,-140.44,76.66,25.0,28.0,-128.0,2.1062,160.01,false
24,10,Forehand,1514,-0.7714,0.5233,-1.4874,35.52,-312.5,35.58,24.0,30.0,-132.0,1.7554,316.52,false
25,10,Forehand,1557,-0.6367,0.205,-0.6678,98.33,-434.75,54.87,24.0,30.0,-132.0,0.9452,449.1,false
26,10,Forehand,1598,-0.5568,-0.0559,0.2584,182.25,-513.0,65.55,27.0,16.0,-128.0,0.6164,548.34,false
27,10,Forehand,1638,-0.3447,-0.0958,1.1281,228.76,-526.06,113.34,27.0,16.0,-128.0,1.1834,584.74,false
28,10,Forehand,1680,-0.3342,-0.1899,1.8915,233.58,-457.82,193.3,27.0,16.0,-128.0,1.9302,549.12,false
29,10,Forehand,1726,-0.5015,-0.2358,3.9999,177.49,-217.1,433.41,24.0,23.0,-105.0,4.0381,516.22,false
30,10,Forehand,1726,-0.5015,-0.2358,3.9999,177.49,-217.1,433.41,24.0,23.0,-105.0,4.0381,516.22,false
31,10,Forehand,1748,-0.6112,-0.1969,3.9999,144.53,14.59,499.21,24.0,23.0,-105.0,4.0511,519.91,false
32,10,Forehand,1769,-0.9015,-0.0059,3.9844,72.02,354.43,456.6,24.0,23.0,-105.0,4.0851,582.49,false
33,10,Forehand,1793,-1.9015,0.0798,3.9999,-164.31,947.45,323.73,24.0,23.0,-105.0,4.4296,1014.62,false
34,10,Forehand,1815,-3.2079,-0.3408,3.9999,-415.41,1257.57,199.71,10.0,34.0,-68.0,5.1386,1339.37,false
35,10,Forehand,1835,-3.9999,-0.4702,3.9998,-592.04,1538.82,-31.56,10.0,34.0,-68.0,5.6761,1649.08,false
36,10,Forehand,1860,-2.9298,1.3594,3.3274,-402.83,1833.19,-300.96,10.0,34.0,-68.0,4.6372,1900.91,false
37,10,Forehand,1878,0.7839,1.4395,-0.7943,-76.97,1900.51,-345.15,10.0,34.0,-68.0,1.8214,1933.13,false
38,10,Forehand,1905,0.9176,1.0996,-1.0574,54.69,1888.49,-252.62,24.0,6.0,-128.0,1.7802,1906.1,false
39,10,Forehand,1926,0.8729,0.6809,-0.6436,101.68,1899.84,-162.05,24.0,6.0,-128.0,1.2805,1909.45,false
40,10,Forehand,1946,1.0732,0.5292,-0.7415,112.79,1904.66,-87.16,24.0,6.0,-128.0,1.4077,1909.99,false
41,10,Forehand,1971,1.0822,0.6156,-0.9183,60.61,1903.56,-54.32,24.0,6.0,-128.0,1.547,1905.3,false
42,10,Forehand,1992,0.9437,0.6061,-1.0029,-32.04,1900.39,-40.53,24.0,6.0,-128.0,1.5046,1901.09,false
43,10,Forehand,2018,0.7559,0.3705,-0.9197,-138.37,1893.8,-53.53,17.0,30.0,-72.0,1.2468,1899.6,false
44,10,Forehand,2036,0.6898,0.4617,-0.9097,-187.44,1887.88,-94.97,17.0,30.0,-72.0,1.2315,1899.54,false
45,10,Forehand,2057,0.6282,0.5765,-0.8147,-202.39,1882.57,-147.52,17.0,30.0,-72.0,1.1793,1899.15,false
46,10,Forehand,2081,0.6672,0.6694,-0.7242,-171.14,1879.21,-192.63,17.0,30.0,-72.0,1.1907,1896.79,false
47,10,Forehand,2103,0.827,0.6914,-0.7593,-120.61,1877.01,-230.29,26.0,13.0,-134.0,1.3185,1894.93,false
48,10,Forehand,2122,0.8893,0.6764,-0.8002,-54.99,1877.5,-236.45,26.0,13.0,-134.0,1.3743,1893.13,false
49,10,Forehand,2145,0.9474,0.6897,-0.8424,-8.73,1880.07,-212.52,26.0,13.0,-134.0,1.4432,1892.06,false
50,10,Forehand,2166,0.9324,0.7937,-0.9541,17.33,1882.63,-175.17,26.0,13.0,-134.0,1.5523,1890.84,false
51,10,Forehand,2182,0.8511,0.8762,-1.0208,7.26,1884.83,-128.6,26.0,13.0,-134.0,1.5919,1889.22,false
52,10,Forehand,2208,0.7544,0.9105,-0.983,-23.32,1886.05,-86.61,18.0,24.0,-68.0,1.5377,1888.18,false
53,10,Forehand,2229,0.7274,0.7773,-0.8846,-74.1,1883.36,-77.64,18.0,24.0,-68.0,1.3842,1886.42,false
54,10,Forehand,2251,0.6791,0.679,-0.8126,-92.9,1881.71,-83.25,18.0,24.0,-68.0,1.258,1885.84,false
55,10,Forehand,2271,0.6605,0.7573,-0.7251,-123.11,1878.97,-91.98,18.0,24.0,-68.0,1.2392,1885.24,false
56,10,Forehand,2293,0.7455,0.8174,-0.6799,-133.48,1874.15,-126.1,18.0,24.0,-68.0,1.2985,1883.12,false
57,10,Forehand,2319,0.8646,0.7518,-0.7242,-122.8,1870.97,-158.08,25.0,21.0,-139.0,1.3555,1881.65,false
58,10,Forehand,2339,0.8895,0.6265,-0.7961,-101.75,1869.14,-176.76,25.0,21.0,-139.0,1.3482,1880.23,false
59,10,Forehand,2364,0.8656,0.6194,-0.9177,-66.35,1868.41,-182.01,25.0,21.0,-139.0,1.4054,1878.42,false
60,10,Forehand,2380,0.7992,0.613,-0.9496,-51.39,1868.65,-172.73,25.0,21.0,-139.0,1.3843,1877.32,false
61,10,Forehand,2402,0.7567,0.6281,-0.933,-44.98,1869.2,-162.72,16.0,21.0,-78.0,1.3556,1876.81,false
62,10,Forehand,2426,0.6873,0.6411,-0.8503,-43.15,1870.91,-124.88,16.0,21.0,-78.0,1.2674,1875.57,false
63,10,Forehand,2447,0.7118,0.6162,-0.7745,-56.64,1870.06,-115.6,16.0,21.0,-78.0,1.2191,1874.48,false
64,10,Forehand,2468,0.7374,0.6971,-0.7402,-75.99,1868.53,-110.84,16.0,21.0,-78.0,1.2561,1873.36,false
65,10,Forehand,2492,0.801,0.7952,-0.7448,-99.61,1866.03,-119.2,16.0,21.0,-78.0,1.3523,1872.48,false
66,10,Forehand,2513,0.8412,0.8414,-0.7936,-113.89,1863.28,-133.3,24.0,24.0,-135.0,1.4302,1871.51,false
67,10,Forehand,2532,0.8177,0.9392,-0.8456,-114.87,1860.66,-144.59,24.0,24.0,-135.0,1.5053,1869.8,false
68,10,Forehand,2556,0.7943,0.9629,-0.8633,-96.44,1860.29,-146.18,24.0,24.0,-135.0,1.5177,1868.52,false
69,10,Forehand,2576,0.7753,1.0756,-0.8516,-62.13,1860.84,-142.76,24.0,24.0,-135.0,1.5758,1867.34,false
70,10,Forehand,2602,0.7838,1.1692,-0.855,-28.75,1861.14,-140.62,18.0,16.0,-72.0,1.6469,1866.67,false
71,10,Forehand,2621,0.7596,1.0345,-0.8389,-18.31,1860.41,-134.52,18.0,16.0,-72.0,1.5333,1865.36,false
72,10,Forehand,2642,0.7623,0.9773,-0.8199,-36.99,1859.13,-129.15,18.0,16.0,-72.0,1.4861,1863.98,false
73,10,Forehand,2666,0.7708,0.921,-0.7644,-63.9,1857.54,-122.31,18.0,16.0,-72.0,1.4236,1862.66,false
74,10,Forehand,2686,0.8079,0.9268,-0.7775,-91.61,1855.77,-117.61,18.0,16.0,-72.0,1.4546,1861.75,false
75,10,Forehand,2709,0.8376,0.9226,-0.8169,-115.23,1853.64,-120.79,26.0,27.0,-131.0,1.49,1861.14,false
76,10,Forehand,2730,0.8307,0.9133,-0.8586,-121.22,1851.5,-132.02,26.0,27.0,-131.0,1.5038,1860.16,false
77,10,Forehand,2750,0.7928,0.8939,-0.8909,-109.44,1849.85,-145.94,26.0,27.0,-131.0,1.4904,1858.83,false
78,10,Forehand,2775,0.7271,0.9014,-0.8944,-74.46,1848.69,-159.61,26.0,27.0,-131.0,1.4632,1857.06,false
79,10,Forehand,2796,0.7004,0.8871,-0.8607,-49.38,1848.63,-160.28,20.0,17.0,-80.0,1.4207,1856.22,false
80,10,Forehand,2818,0.6875,0.8763,-0.8198,-35.77,1848.69,-153.87,20.0,17.0,-80.0,1.383,1855.43,false
81,10,Forehand,2838,0.7103,0.8629,-0.774,-39.55,1848.33,-141.78,20.0,17.0,-80.0,1.3595,1854.18,false
82,10,Forehand,2859,0.7593,0.8539,-0.741,-56.52,1847.66,-129.64,20.0,17.0,-80.0,1.3619,1853.06,false
83,10,Forehand,2884,0.8135,0.8723,-0.7668,-88.01,1845.76,-118.04,20.0,17.0,-80.0,1.418,1851.63,false
84,10,Forehand,2902,0.8251,0.8718,-0.8066,-97.41,1844.79,-117.49,25.0,31.0,-134.0,1.4462,1851.09,false
85,10,Forehand,2922,0.821,0.8156,-0.8353,-107.79,1842.16,-126.28,25.0,31.0,-134.0,1.4272,1849.63,false
86,10,Forehand,2946,0.7987,0.7854,-0.8574,-97.11,1840.7,-137.88,25.0,31.0,-134.0,1.4107,1848.41,false
87,10,Forehand,2966,0.7588,0.7983,-0.8567,-77.51,1839.6,-150.02,25.0,31.0,-134.0,1.3954,1847.33,false
88,10,Forehand,2986,0.7373,0.8506,-0.8395,-53.04,1838.81,-159.55,25.0,31.0,-134.0,1.4042,1846.48,false
89,10,Forehand,3011,0.73,0.8594,-0.8151,-35.58,1838.32,-161.87,19.0,6.0,-79.0,1.3913,1845.77,false
90,10,Forehand,3032,0.7418,0.8149,-0.7866,-34.24,1837.65,-157.9,19.0,6.0,-79.0,1.354,1844.74,false
91,10,Forehand,3056,0.7894,0.8923,-0.7742,-56.34,1836.49,-142.76,19.0,6.0,-79.0,1.4208,1842.89,false
92,10,Forehand,3076,0.406,0.5072,0.011,-28.81,1808.59,-152.28,19.0,6.0,-79.0,0.6498,1815.22,false
93,10,Forehand,3098,-2.3035,0.4285,3.576,71.11,1334.66,-107.36,20.0,31.0,-146.0,4.2752,1340.85,false
94,10,Forehand,3119,-0.8341,0.6421,-1.5559,-653.14,865.36,250.37,20.0,31.0,-146.0,1.8785,1112.71,false
95,10,Forehand,3138,-0.0764,0.2833,-4.0,-967.22,967.59,381.1,20.0,31.0,-146.0,4.0107,1420.21,false
96,10,Forehand,3159,-3.856,-0.7648,-4.0,-893.19,797.18,310.36,20.0,31.0,-146.0,5.6083,1236.77,false
97,10,Forehand,3184,-2.7816,-0.04,-3.967,-830.57,720.83,99.06,20.0,31.0,-146.0,4.8452,1104.19,false
98,10,Forehand,3205,-2.951,-0.1705,-3.9331,-765.99,682.8,37.05,-23.0,48.0,-62.0,4.9201,1026.81,false
99,10,Forehand,3225,-1.0734,-0.3635,-3.0531,-689.88,510.8,201.97,-23.0,48.0,-62.0,3.2566,881.84,false
100,10,Forehand,3250,0.2483,-0.0662,-2.2144,-525.15,210.69,295.96,-23.0,48.0,-62.0,2.2292,638.56,false
101,10,Forehand,3270,-0.7595,0.2129,-1.2046,-420.96,-49.99,352.11,-23.0,48.0,-62.0,1.4399,551.08,false
102,10,Forehand,3290,-2.502,0.1897,-0.8684,-289.18,-176.39,461.18,-23.0,48.0,-62.0,2.6552,572.22,false
103,10,Forehand,3315,-1.9076,-0.1799,-1.718,-164.0,-152.95,380.13,-35.0,45.0,-47.0,2.5735,441.35,false
104,10,Forehand,3335,-0.7318,-0.1161,-1.0574,-18.19,-52.8,189.39,-35.0,45.0,-47.0,1.2911,197.45,false
105,10,Forehand,3360,-0.6704,-0.0187,-0.3622,104.31,55.42,15.81,-35.0,45.0,-47.0,0.7622,119.17,false
106,10,Forehand,3381,-0.9474,-0.3049,-0.929,168.88,119.14,-86.49,-35.0,45.0,-47.0,1.3614,224.05,false
107,10,Forehand,3406,-0.959,-0.3818,-1.266,190.61,156.37,-119.87,-37.0,42.0,-47.0,1.6335,274.14,false
108,10,Forehand,3427,-0.6075,-0.5182,-0.5981,219.91,168.21,-115.54,-37.0,42.0,-47.0,0.9977,300.01,false
109,10,Forehand,3448,-0.6407,-0.5793,-0.7084,238.04,145.2,-110.41,-37.0,42.0,-47.0,1.1171,299.89,false
110,10,Forehand,3473,-0.618,-0.5448,-0.8889,195.37,85.21,-89.11,-37.0,42.0,-47.0,1.212,231.02,false
111,10,Forehand,3494,-0.5859,-0.5261,-0.7604,162.41,39.18,-77.94,-37.0,42.0,-47.0,1.0947,184.36,false
112,10,Forehand,3521,-0.6016,-0.5126,-0.6104,150.33,-3.36,-69.76,-36.0,43.0,-57.0,0.9986,165.76,false
113,10,Forehand,3541,-0.6473,-0.476,-0.663,144.78,-34.97,-58.72,-36.0,43.0,-57.0,1.0417,160.1,false
114,10,Forehand,3561,-0.7091,-0.4276,-0.776,128.42,-56.64,-42.48,-36.0,43.0,-57.0,1.1348,146.64,false
115,10,Forehand,3582,-0.6919,-0.3842,-0.8046,104.31,-69.09,-15.99,-36.0,43.0,-57.0,1.1285,126.13,false
116,10,Forehand,3607,-0.7216,-0.4065,-0.6619,107.18,-79.22,-5.49,-34.0,45.0,-67.0,1.0602,133.39,false
117,10,Forehand,3628,-0.7643,-0.425,-0.7052,119.14,-94.12,-3.42,-34.0,45.0,-67.0,1.1234,151.87,false
118,10,Forehand,3649,-0.7896,-0.3938,-0.9597,122.8,-98.88,-2.87,-34.0,45.0,-67.0,1.3037,157.69,false
119,10,Forehand,3669,-0.8035,-0.3871,-1.0045,121.7,-96.37,-1.83,-34.0,45.0,-67.0,1.3433,155.25,false
120,10,Forehand,3688,-0.8351,-0.4362,-1.0912,121.89,-93.32,-3.6,-34.0,45.0,-67.0,1.4416,153.55,false
121,10,Forehand,3714,-0.8446,-0.5007,-1.1077,120.67,-91.8,-14.59,-32.0,45.0,-85.0,1.4802,152.32,false
122,10,Forehand,3731,-0.7616,-0.5051,-1.0745,108.95,-90.21,-22.4,-32.0,45.0,-85.0,1.4106,143.21,false
123,10,Forehand,3752,-0.7443,-0.5159,-1.0858,91.55,-89.66,-28.93,-32.0,45.0,-85.0,1.4139,131.37,false
124,10,Forehand,3776,-0.8024,-0.4974,-0.98,71.47,-103.21,-33.81,-32.0,45.0,-85.0,1.3607,130.02,false
125,10,Forehand,3796,-0.7936,-0.4615,-0.9194,47.49,-130.13,-36.87,-32.0,45.0,-85.0,1.2993,143.34,false
126,10,Forehand,3819,-0.6954,-0.478,-0.974,30.46,-150.27,-39.73,-27.0,44.0,-99.0,1.2887,158.39,false
127,10,Forehand,3840,-0.6633,-0.4653,-1.0668,19.23,-158.45,-36.74,-27.0,44.0,-99.0,1.3396,163.78,false
128,10,Forehand,3862,-0.684,-0.4226,-0.9905,13.92,-167.18,-27.4,-27.0,44.0,-99.0,1.2757,169.98,false
129,10,Forehand,3885,-0.6714,-0.3553,-0.9172,9.09,-191.28,-8.67,-27.0,44.0,-99.0,1.1909,191.7,false
130,10,Forehand,3907,-0.6246,-0.371,-0.9084,17.46,-201.66,4.27,-23.0,38.0,-120.0,1.1632,202.46,false
131,10,Forehand,3933,-0.7052,-0.3727,-0.9351,31.98,-209.84,41.75,-23.0,38.0,-120.0,1.229,216.33,false
132,10,Forehand,3953,-0.7328,-0.403,-0.9143,38.21,-211.91,73.49,-23.0,38.0,-120.0,1.2391,227.53,false
133,10,Forehand,3974,-0.6429,-0.2385,-0.6945,37.54,-210.88,108.4,-23.0,38.0,-120.0,0.976,240.06,false
134,10,Forehand,3995,-0.6034,-0.3318,-0.6254,48.16,-207.95,135.74,-23.0,38.0,-120.0,0.9302,252.96,false
135,10,Forehand,4020,-0.5524,-0.364,-0.7062,79.28,-194.34,137.63,-23.0,28.0,-135.0,0.9676,250.99,false
136,10,Forehand,4039,-0.6593,-0.3092,-0.6978,92.47,-180.79,136.29,-23.0,28.0,-135.0,1.0085,244.56,false
137,10,Forehand,4061,-0.6685,-0.391,-0.7819,98.39,-164.31,111.76,-23.0,28.0,-135.0,1.1005,221.73,false
138,10,Forehand,4082,-0.6205,-0.3788,-0.7917,78.19,-129.82,62.68,-23.0,28.0,-135.0,1.0749,164.0,false
139,10,Forehand,4104,-0.7134,-0.4697,-0.939,62.68,-108.4,24.35,-16.0,23.0,-149.0,1.2693,127.56,false
140,10,Forehand,4127,-0.7384,-0.4287,-1.0433,22.4,-60.06,-87.59,-16.0,23.0,-149.0,1.3482,108.54,false
141,10,Forehand,4147,-0.5927,-0.3525,-1.0118,-0.61,-35.34,-114.81,-16.0,23.0,-149.0,1.2245,120.12,false
142,10,Forehand,4168,-0.536,-0.3193,-0.9705,-24.48,-11.17,-83.8,-16.0,23.0,-149.0,1.1537,88.01,false
143,10,Forehand,4189,-0.5555,-0.3662,-0.9847,-29.66,-8.24,-62.62,-16.0,23.0,-149.0,1.1885,69.78,false
144,10,Forehand,4211,-0.5068,-0.3762,-0.9674,-42.36,-5.31,-21.36,-17.0,22.0,-143.0,1.1551,47.74,false
145,10,Forehand,4230,-0.4338,-0.3594,-0.8104,-62.74,-8.36,28.08,-17.0,22.0,-143.0,0.987,69.25,false
146,10,Forehand,4255,-0.3816,-0.3485,-0.79,-76.54,-10.25,50.35,-17.0,22.0,-143.0,0.9441,92.19,false
147,10,Forehand,4272,-0.3402,-0.3395,-0.7638,-90.88,-6.29,53.96,-17.0,22.0,-143.0,0.9024,105.88,false
148,10,Forehand,4292,-0.3567,-0.3304,-0.7672,-101.99,-3.17,46.45,-17.0,22.0,-143.0,0.9083,112.11,false
149,10,Forehand,4318,-0.3143,-0.3048,-0.7545,-109.99,2.75,34.61,-23.0,21.0,-136.0,0.8724,115.33,false
150,10,Forehand,4338,-0.2802,-0.2782,-0.7303,-112.43,9.77,23.62,-23.0,21.0,-136.0,0.8302,115.3,false
151,10,Forehand,4363,-0.3079,-0.2473,-0.7559,-105.9,13.24,21.61,-23.0,21.0,-136.0,0.8528,108.89,false
152,10,Forehand,4383,-0.3462,-0.2526,-0.8121,-97.47,11.54,27.47,-23.0,21.0,-136.0,0.9183,101.92,false
153,10,Forehand,4405,-0.3855,-0.2583,-0.8771,-86.43,9.16,33.63,-32.0,17.0,-127.0,0.9923,93.19,false
154,10,Forehand,4430,-0.4124,-0.2661,-0.9346,-73.12,7.69,37.41,-32.0,17.0,-127.0,1.0556,82.5,false
155,10,Forehand,4452,-0.4135,-0.2755,-0.9525,-60.97,8.67,36.87,-32.0,17.0,-127.0,1.0743,71.78,false
156,10,Forehand,4473,-0.3469,-0.2622,-0.8588,-46.87,15.2,24.9,-32.0,17.0,-127.0,0.9626,55.21,false
157,10,Forehand,4498,-0.3018,-0.2635,-0.8096,-36.74,21.55,10.31,-32.0,17.0,-127.0,0.9033,43.83,false
158,10,Forehand,4520,-0.2697,-0.2657,-0.7852,-25.7,27.59,-4.88,-32.0,21.0,-122.0,0.8717,38.02,false
159,10,Forehand,4540,-0.2365,-0.2839,-0.7914,-8.0,34.42,-20.87,-32.0,21.0,-122.0,0.8734,41.04,false
160,10,Forehand,4564,-0.1991,-0.298,-0.7522,5.92,38.09,-25.7,-32.0,21.0,-122.0,0.8332,46.32,false
161,10,Forehand,4584,-0.1863,-0.3075,-0.7423,21.06,40.16,-25.76,-32.0,21.0,-122.0,0.8248,52.15,false
162,10,Forehand,4611,-0.1875,-0.3186,-0.7581,34.85,40.65,-22.16,-31.0,25.0,-120.0,0.8434,57.95,false
0,12,Forehand,0,-0.3689,0.3284,-1.1184,58.59,-25.33,39.79,-20.0,26.0,-137.0,1.2226,75.22,false
1,12,Forehand,25,-0.3146,0.429,-1.1943,80.02,-16.24,29.3,-20.0,26.0,-137.0,1.3074,86.74,false
2,12,Forehand,45,-0.2478,0.5002,-1.3059,107.48,-13.98,17.27,-17.0,23.0,-145.0,1.4202,109.76,false
3,12,Forehand,70,-0.3151,0.5287,-1.5485,128.66,-41.93,-12.33,-17.0,23.0,-145.0,1.6663,135.88,false
4,12,Forehand,90,-0.2959,0.5809,-1.7465,124.63,-73.18,-42.79,-17.0,23.0,-145.0,1.8642,150.73,false
5,12,Forehand,110,-0.2667,0.673,-2.05,136.78,-101.26,-64.03,-17.0,23.0,-145.0,2.1741,181.83,false
6,12,Forehand,131,-0.2426,0.7446,-2.3732,191.96,-122.38,-57.92,-17.0,23.0,-145.0,2.499,234.9,false
7,12,Forehand,156,-0.0763,0.5941,-2.5309,276.61,-138.85,-37.72,-3.0,17.0,-152.0,2.6008,311.8,false
8,12,Forehand,4587,0.0275,0.9822,0.0095,0.85,-1.1,1.22,23.0,5.0,-110.0,0.9826,1.85,false
9,12,Forehand,5301,0.5913,0.2061,-0.9988,-112.24,-114.14,235.72,5.0,-8.0,-115.0,1.1788,284.94,false
10,12,Forehand,5341,0.549,0.228,-0.9818,-112.43,-120.73,197.45,5.0,-8.0,-115.0,1.1477,257.3,false
11,12,Forehand,5384,0.2896,0.2882,-0.7786,-94.54,-137.21,146.24,14.0,-4.0,-112.0,0.8792,221.7,false
12,12,Forehand,5422,0.2863,0.2742,-0.6558,-17.33,-147.95,100.04,14.0,-4.0,-112.0,0.7662,179.43,false
13,12,Forehand,5464,0.3473,0.2971,-0.5294,18.01,-176.94,72.69,15.0,-1.0,-101.0,0.6994,192.14,false
14,12,Forehand,5506,0.2687,0.4067,-0.4408,-12.39,-208.44,80.08,15.0,-1.0,-101.0,0.6572,223.63,false
15,12,Forehand,5634,0.1439,0.4285,-0.1327,-30.76,-170.53,58.47,17.0,1.0,-85.0,0.4711,182.88,false
16,12,Forehand,5676,0.5685,0.7173,-0.1335,-32.53,-232.54,-27.1,18.0,7.0,-85.0,0.9249,236.37,false
17,12,Forehand,5903,0.7108,0.5323,0.6394,145.63,-245.48,-134.34,9.0,12.0,-58.0,1.0943,315.46,false
18,12,Forehand,5941,0.7728,0.4014,0.4778,94.42,-295.72,-107.97,9.0,12.0,-58.0,0.9933,328.67,false
19,12,Forehand,5987,0.2041,0.6202,0.8014,28.63,-316.71,-115.97,0.0,20.0,-44.0,1.0337,338.49,false
20,12,Forehand,6030,0.022,0.5428,0.6151,25.76,-271.0,-133.91,0.0,20.0,-44.0,0.8207,303.37,false
21,12,Forehand,6075,-0.2443,0.4589,1.0652,48.16,-203.92,-141.72,0.0,27.0,-44.0,1.1853,252.96,false
22,12,Forehand,6114,-0.2664,0.3308,0.9307,37.29,-171.69,-104.06,0.0,27.0,-44.0,1.023,204.2,false
23,12,Forehand,6157,0.0009,0.491,1.254,34.3,-164.92,-74.46,2.0,31.0,-48.0,1.3467,184.17,false
24,12,Forehand,6199,-0.204,0.2975,1.2378,12.82,-126.46,-52.86,2.0,31.0,-48.0,1.2893,137.66,false
25,12,Forehand,6622,-0.3842,0.2703,0.3857,32.1,-42.36,-34.48,7.0,37.0,-67.0,0.6078,63.36,false
26,12,Forehand,6665,-0.6296,0.0071,0.3857,14.1,-10.93,-53.89,12.0,35.0,-68.0,0.7384,56.77,false
27,12,Forehand,6861,-0.8784,-0.4237,2.2795,152.89,-211.12,-27.1,0.0,38.0,-54.0,2.4794,262.07,false
28,12,Forehand,6905,-1.0377,-0.459,1.4594,126.65,-303.04,-98.08,0.0,38.0,-54.0,1.8486,342.77,false
29,12,Forehand,7102,3.2549,-0.3595,-1.7921,120.06,-561.77,-403.5,27.0,22.0,-122.0,3.733,702.01,false
30,12,Forehand,7102,3.2549,-0.3595,-1.7921,120.06,-561.77,-403.5,27.0,22.0,-122.0,3.733,702.01,false
31,12,Forehand,7125,3.9902,-0.6448,-2.7133,296.57,-426.33,-442.57,27.0,22.0,-122.0,4.8682,682.33,false
32,12,Forehand,7145,4.0,-0.855,-3.8831,479.92,-168.52,-495.3,27.0,22.0,-122.0,5.64,709.96,false
33,12,Forehand,7172,3.9913,-0.87,-4.0,604.06,533.75,-405.52,14.0,-1.0,-94.0,5.7173,902.35,false
34,12,Forehand,7193,4.0,-0.816,-3.9854,488.1,1249.15,-16.91,14.0,-1.0,-94.0,5.7052,1341.23,false
35,12,Forehand,7214,4.0,-0.9756,-4.0,438.23,1432.74,138.98,14.0,-1.0,-94.0,5.7404,1504.69,false
36,12,Forehand,7234,3.9998,-0.924,-4.0,259.77,1804.93,373.17,14.0,-1.0,-94.0,5.7316,1861.32,false
37,12,Forehand,7255,2.694,1.5291,-2.2007,-285.52,2000.0,74.04,14.0,-1.0,-94.0,3.7998,2021.63,false
38,12,Forehand,7281,0.7968,1.0029,-0.8096,-359.13,1994.32,-71.53,19.0,38.0,-115.0,1.5153,2027.66,false
39,12,Forehand,7301,0.9918,0.6515,-1.1598,-344.91,1986.69,-228.82,19.0,38.0,-115.0,1.6593,2029.35,false
40,12,Forehand,7323,0.8645,0.5928,-1.204,-262.33,1979.37,-370.36,19.0,38.0,-115.0,1.5963,2030.74,false
41,12,Forehand,7343,0.7159,0.746,-1.1097,-121.52,1979.74,-413.57,19.0,38.0,-115.0,1.5168,2026.12,false
42,12,Forehand,7363,0.707,0.972,-0.9611,39.37,1989.2,-352.36,20.0,1.0,-107.0,1.539,2020.55,false
43,12,Forehand,7388,0.8832,0.541,-0.8502,151.25,1999.45,-155.46,20.0,1.0,-107.0,1.34,2011.18,false
44,12,Forehand,7408,0.9922,0.486,-0.843,103.39,1999.94,-26.25,20.0,1.0,-107.0,1.3897,2002.78,false
45,12,Forehand,7429,1.0803,0.7416,-0.858,4.82,2000.0,40.65,20.0,1.0,-107.0,1.5663,2000.42,false
46,12,Forehand,7452,1.076,0.8903,-0.9562,-114.44,2000.0,28.44,20.0,1.0,-107.0,1.6925,2003.47,false
47,12,Forehand,7475,0.996,0.7336,-1.0306,-211.98,1995.91,-41.75,18.0,37.0,-89.0,1.6101,2007.57,false
48,12,Forehand,7495,0.8656,0.3877,-1.0286,-240.36,1981.69,-194.4,18.0,37.0,-89.0,1.3991,2005.66,false
49,12,Forehand,7518,0.7805,0.5392,-0.9993,-183.11,1977.11,-270.02,18.0,37.0,-89.0,1.3778,2003.85,false
50,12,Forehand,7538,0.755,0.7944,-0.9342,-91.8,1978.21,-289.49,18.0,37.0,-89.0,1.4401,2001.39,false
51,12,Forehand,7559,0.8043,0.8584,-0.8527,2.01,1982.6,-261.54,18.0,37.0,-89.0,1.4529,1999.78,false
52,12,Forehand,7584,0.8936,0.6128,-0.8579,51.33,1988.22,-192.93,23.0,7.0,-130.0,1.382,1998.22,false
53,12,Forehand,7604,0.9836,0.6415,-0.8627,45.65,1992.61,-113.16,23.0,7.0,-130.0,1.4571,1996.35,false
54,12,Forehand,7629,1.0643,0.709,-0.9443,-16.78,1993.1,-47.36,23.0,7.0,-130.0,1.5897,1993.74,false
55,12,Forehand,7648,1.0118,0.6836,-1.0322,-92.96,1988.77,-50.84,23.0,7.0,-130.0,1.5989,1991.59,false
56,12,Forehand,7670,0.9114,0.5948,-1.0447,-155.33,1982.79,-87.83,17.0,27.0,-69.0,1.5086,1990.8,false
57,12,Forehand,7695,0.8225,0.542,-0.9648,-174.07,1976.81,-147.4,17.0,27.0,-69.0,1.3788,1989.92,false
58,12,Forehand,7715,0.7961,0.629,-0.9392,-145.87,1972.53,-203.49,17.0,27.0,-69.0,1.3826,1988.36,false
59,12,Forehand,7736,0.7916,0.7401,-0.911,-65.92,1971.86,-230.9,17.0,27.0,-69.0,1.4158,1986.43,false
60,12,Forehand,7759,0.8619,0.7627,-0.8586,-21.3,1973.94,-210.82,17.0,27.0,-69.0,1.4359,1985.28,false
61,12,Forehand,7781,0.9113,0.6791,-0.8694,-4.09,1976.99,-162.35,26.0,16.0,-140.0,1.4309,1983.65,false
62,12,Forehand,7799,0.9528,0.7196,-0.9326,-20.26,1979.0,-110.41,26.0,16.0,-140.0,1.515,1982.19,false
63,12,Forehand,7825,0.9412,0.8718,-0.9758,-57.31,1979.19,-75.01,26.0,16.0,-140.0,1.6119,1981.44,false
64,12,Forehand,7844,0.9086,0.9241,-0.9874,-93.2,1977.17,-70.13,26.0,16.0,-140.0,1.6292,1980.61,false
65,12,Forehand,7870,0.8555,0.8712,-0.9741,-117.13,1971.44,-116.21,15.0,19.0,-65.0,1.562,1978.33,false
66,12,Forehand,7890,0.8136,0.9288,-0.9363,-106.99,1967.22,-162.05,15.0,19.0,-65.0,1.5496,1976.78,false
67,12,Forehand,7910,0.7977,1.0038,-0.9114,-88.01,1964.54,-191.53,15.0,19.0,-65.0,1.5731,1975.81,false
68,12,Forehand,7932,0.8442,1.0494,-0.8826,-67.75,1963.56,-200.68,15.0,19.0,-65.0,1.6103,1974.95,false
69,12,Forehand,7953,0.8865,1.0577,-0.8761,-51.94,1963.81,-189.09,15.0,19.0,-65.0,1.6347,1973.57,false
70,12,Forehand,7978,0.9318,0.9756,-0.9094,-44.07,1965.09,-159.0,24.0,26.0,-131.0,1.627,1972.0,false
71,12,Forehand,7998,0.9056,1.0413,-0.9897,-56.7,1966.61,-109.07,24.0,26.0,-131.0,1.6982,1970.45,false
72,12,Forehand,8019,0.8744,1.1229,-0.9852,-72.88,1966.8,-84.05,24.0,26.0,-131.0,1.731,1969.94,false
73,12,Forehand,8045,0.8716,0.9319,-1.0012,-92.47,1964.66,-89.11,24.0,26.0,-131.0,1.6219,1968.85,false
74,12,Forehand,8068,0.8043,0.7332,-0.9843,-122.19,1958.56,-137.27,15.0,2.0,-83.0,1.4674,1967.16,false
75,12,Forehand,8087,0.7762,0.7427,-0.886,-122.86,1955.2,-167.05,15.0,2.0,-83.0,1.3925,1966.17,false
76,12,Forehand,8112,0.8265,0.8608,-0.8652,-103.82,1952.76,-194.95,15.0,2.0,-83.0,1.4741,1965.21,false
77,12,Forehand,8132,0.8733,0.8422,-0.8755,-79.65,1952.15,-201.42,15.0,2.0,-83.0,1.4961,1964.13,false
78,12,Forehand,8152,0.9067,0.7697,-0.8848,-59.08,1953.25,-184.81,15.0,2.0,-83.0,1.4823,1962.86,false
79,12,Forehand,8178,0.9355,0.626,-0.9375,-34.61,1955.38,-144.35,21.0,34.0,-119.0,1.4649,1961.01,false
80,12,Forehand,8199,0.894,0.6532,-0.9738,-37.11,1956.3,-117.25,21.0,34.0,-119.0,1.4745,1960.16,false
81,12,Forehand,8225,0.8477,0.6661,-0.9585,-51.7,1955.99,-100.16,21.0,34.0,-119.0,1.4426,1959.24,false
82,12,Forehand,8244,0.8214,0.6366,-0.9246,-72.51,1954.28,-100.4,21.0,34.0,-119.0,1.391,1958.2,false
83,12,Forehand,8266,0.8175,0.5945,-0.8813,-94.42,1951.42,-117.43,20.0,2.0,-100.0,1.3411,1957.22,false
84,12,Forehand,8291,0.8536,0.6224,-0.8481,-110.84,1946.41,-157.35,20.0,2.0,-100.0,1.3548,1955.9,false
85,12,Forehand,8311,0.8821,0.6539,-0.8574,-104.68,1944.03,-179.08,20.0,2.0,-100.0,1.3931,1955.07,false
86,12,Forehand,8332,0.9016,0.6282,-0.8817,-76.29,1943.42,-180.54,20.0,2.0,-100.0,1.4089,1953.28,false
87,12,Forehand,8355,0.8931,0.5905,-0.9114,-65.61,1943.91,-172.36,20.0,2.0,-100.0,1.406,1952.64,false
88,12,Forehand,8377,0.8696,0.6417,-0.9218,-39.18,1946.41,-133.06,19.0,36.0,-97.0,1.4205,1951.35,false
89,12,Forehand,8402,0.8616,0.7344,-0.9125,-33.08,1947.39,-109.8,19.0,36.0,-97.0,1.454,1950.76,false
90,12,Forehand,8422,0.8501,0.7058,-0.9061,-43.4,1946.66,-101.44,19.0,36.0,-97.0,1.429,1949.78,false
91,12,Forehand,8441,0.8459,0.6604,-0.8822,-68.48,1944.21,-109.62,19.0,36.0,-97.0,1.3893,1948.51,false
92,12,Forehand,8466,0.873,0.6893,-0.8768,-95.64,1940.67,-130.8,19.0,36.0,-97.0,1.4164,1947.43,false
93,12,Forehand,8488,0.8722,0.724,-0.9012,-117.61,1935.61,-168.95,23.0,1.0,-126.0,1.4481,1946.52,false
94,12,Forehand,8508,0.8489,0.7239,-0.9175,-113.53,1933.84,-182.62,23.0,1.0,-126.0,1.4444,1945.76,false
95,12,Forehand,8533,0.8199,0.7339,-0.9229,-96.62,1933.96,-177.8,23.0,1.0,-126.0,1.4362,1944.52,false
96,12,Forehand,8553,0.8085,0.7715,-0.9027,-71.35,1935.55,-157.78,23.0,1.0,-126.0,1.4366,1943.28,false
97,12,Forehand,8578,0.8207,0.8169,-0.8759,-38.15,1938.11,-120.12,15.0,35.0,-73.0,1.4519,1942.2,false
98,12,Forehand,8599,0.8665,0.7981,-0.8688,-33.26,1938.05,-109.07,15.0,35.0,-73.0,1.4637,1941.4,false
99,12,Forehand,8618,0.8922,0.7858,-0.8801,-44.56,1936.28,-113.71,15.0,35.0,-73.0,1.4792,1940.13,false
100,12,Forehand,8640,0.8883,0.7988,-0.9124,-66.35,1933.17,-130.8,15.0,35.0,-73.0,1.5032,1938.72,false
101,12,Forehand,8661,0.8551,0.8208,-0.9426,-90.94,1929.69,-152.89,15.0,35.0,-73.0,1.5144,1937.87,false
102,12,Forehand,8688,0.8157,0.8635,-0.9573,-109.37,1926.88,-169.25,23.0,5.0,-146.0,1.5256,1937.39,false
103,12,Forehand,8706,0.7496,0.9124,-0.9458,-113.16,1925.66,-172.12,23.0,5.0,-146.0,1.5129,1936.64,false
104,12,Forehand,8725,0.7013,1.0123,-0.8767,-99.61,1926.45,-159.42,23.0,5.0,-146.0,1.5117,1935.6,false
105,12,Forehand,8746,0.718,1.0588,-0.8323,-52.67,1929.26,-124.02,23.0,5.0,-146.0,1.5262,1933.96,false
106,12,Forehand,8771,0.8508,1.0575,-0.8108,-23.01,1930.3,-110.29,8.0,28.0,-49.0,1.581,1933.58,false
107,12,Forehand,8791,0.8912,1.056,-0.8507,-13.18,1929.69,-108.46,8.0,28.0,-49.0,1.6227,1932.78,false
108,12,Forehand,8816,0.9221,1.0193,-0.9397,-39.43,1926.21,-124.57,8.0,28.0,-49.0,1.665,1930.64,false
109,12,Forehand,8836,0.2134,0.9757,-1.2191,-56.64,1897.89,-117.8,8.0,28.0,-49.0,1.576,1902.38,false
110,12,Forehand,8857,-1.7909,0.0247,-2.1199,-61.22,1655.94,172.67,8.0,28.0,-49.0,2.7752,1666.05,false
111,12,Forehand,8884,-1.5784,2.5381,-1.2771,-441.41,1355.29,159.42,19.0,13.0,-152.0,3.2502,1434.24,false
112,12,Forehand,8905,-0.6714,1.6245,-0.0005,-692.14,1135.13,-59.94,19.0,13.0,-152.0,1.7578,1330.85,false
113,12,Forehand,8929,0.8561,2.062,-1.8474,909.55,756.84,-895.26,19.0,13.0,-152.0,2.8979,1483.77,false
114,12,Forehand,8949,-0.2493,-0.1873,-0.5621,1381.84,668.95,-773.44,19.0,13.0,-152.0,0.6428,1719.06,false
115,12,Forehand,8970,1.7625,1.2433,-1.0574,219.85,839.36,-545.9,25.0,16.0,-122.0,2.4021,1025.11,false
116,12,Forehand,8994,3.1205,0.1189,-0.6018,-541.63,978.94,-451.72,25.0,16.0,-122.0,3.1802,1206.54,false
117,12,Forehand,9014,3.5275,0.2518,-2.0006,-253.6,993.1,-405.27,25.0,16.0,-122.0,4.0631,1102.19,false
118,12,Forehand,9034,1.7357,0.0629,-1.5037,-95.4,1015.38,-439.03,25.0,16.0,-122.0,2.2973,1110.33,false
119,12,Forehand,9059,-0.9678,-0.8998,-1.2599,22.16,922.12,-314.51,25.0,16.0,-122.0,1.8258,974.53,false
120,12,Forehand,9081,-1.9052,-0.9542,-2.1289,-138.61,495.24,619.26,25.0,30.0,-135.0,3.012,804.96,false
121,12,Forehand,9100,0.5784,0.3191,0.2567,-258.73,410.64,668.95,25.0,30.0,-135.0,0.7087,826.47,false
122,12,Forehand,9125,0.2329,0.0668,0.0674,-307.19,449.22,529.24,25.0,30.0,-135.0,0.2515,759.11,false
123,12,Forehand,9145,-1.0001,0.5391,-1.2783,-297.24,386.29,351.75,25.0,30.0,-135.0,1.7102,601.08,false
124,12,Forehand,9171,-2.1233,1.1639,-2.4882,-53.47,92.22,-326.05,8.0,43.0,-117.0,3.4719,343.03,false
125,12,Forehand,9192,0.3391,-0.1791,0.3506,-51.45,100.89,-270.02,8.0,43.0,-117.0,0.5196,292.81,false
126,12,Forehand,9211,0.0298,0.0604,-0.022,-44.8,111.33,-254.27,8.0,43.0,-117.0,0.0709,281.17,false
127,12,Forehand,9233,0.0095,0.0599,-0.0325,-24.9,107.24,-259.83,8.0,43.0,-117.0,0.0688,282.19,false
128,12,Forehand,9254,0.0065,0.0591,-0.054,-18.37,107.48,-257.57,8.0,43.0,-117.0,0.0803,279.7,false
129,12,Forehand,9280,-0.0305,0.1053,-0.1565,-0.18,108.34,-253.17,20.0,36.0,-115.0,0.1911,275.38,false
130,12,Forehand,9299,-0.3094,0.3019,-0.84,59.94,104.74,-248.17,20.0,36.0,-115.0,0.9447,275.95,false
131,12,Forehand,9320,-1.1488,0.5343,-2.528,141.72,83.74,-242.55,20.0,36.0,-115.0,2.8277,293.14,false
132,12,Forehand,9342,-1.2551,0.4039,-1.9536,204.41,83.86,-198.3,20.0,36.0,-115.0,2.3569,296.88,false
133,12,Forehand,9363,-0.0555,0.9435,0.2228,242.43,96.31,-270.75,20.0,36.0,-115.0,0.971,375.97,false
134,12,Forehand,9388,-0.0575,0.5808,0.3778,245.54,101.38,-445.19,21.0,20.0,-96.0,0.6953,518.42,false
135,12,Forehand,9408,-0.0315,0.626,0.1487,261.96,68.54,-501.65,21.0,20.0,-96.0,0.6442,570.06,false
136,12,Forehand,9429,0.2231,1.1702,0.2251,314.27,55.97,-524.6,21.0,20.0,-96.0,1.2123,614.09,false
137,12,Forehand,9455,0.8694,2.7831,0.4883,309.45,39.79,-364.69,21.0,20.0,-96.0,2.9563,479.93,false
138,12,Forehand,9477,1.4677,1.501,0.647,62.68,14.47,101.93,15.0,9.0,-74.0,2.1967,120.53,false
139,12,Forehand,9495,-0.077,-0.1691,-0.0359,5.25,4.88,95.52,15.0,9.0,-74.0,0.1892,95.79,false
140,12,Forehand,9519,0.2283,0.4237,0.067,-18.86,13.85,22.09,15.0,9.0,-74.0,0.4859,32.18,false
141,12,Forehand,9538,0.1898,0.3068,0.0668,-73.49,21.55,-61.04,15.0,9.0,-74.0,0.3669,97.93,false
142,12,Forehand,9559,0.1409,0.2772,0.0566,-72.33,21.67,-50.9,15.0,9.0,-74.0,0.3161,91.06,false
143,12,Forehand,9585,0.6246,1.0591,-0.0422,-65.86,19.41,-6.47,18.0,9.0,-82.0,1.2303,68.96,false
144,12,Forehand,9606,0.4252,1.4738,0.0548,-58.65,-1.95,36.74,18.0,9.0,-82.0,1.5348,69.24,false
145,12,Forehand,9630,0.1388,0.4666,0.1421,86.61,-11.41,159.0,18.0,9.0,-82.0,0.5071,181.41,false
146,12,Forehand,9650,0.1804,0.5552,0.0634,98.82,-5.74,161.8,18.0,9.0,-82.0,0.5872,189.68,false
147,12,Forehand,9671,0.1434,0.891,0.0913,49.26,0.31,174.99,16.0,18.0,-79.0,0.9071,181.79,false
148,12,Forehand,9696,-0.0314,1.2291,0.1196,-7.57,2.69,195.5,16.0,18.0,-79.0,1.2353,195.66,false
149,12,Forehand,9716,-0.1813,1.5162,0.0342,-19.96,-0.98,161.74,16.0,18.0,-79.0,1.5274,162.97,false
150,12,Forehand,9742,-0.374,1.4305,0.0006,-5.86,-4.27,68.05,16.0,18.0,-79.0,1.4786,68.44,false
151,12,Forehand,9760,-0.4535,0.8689,0.0594,1.65,-6.96,-20.57,16.0,18.0,-79.0,0.9819,21.78,false
152,12,Forehand,9781,-0.2938,0.5946,0.0514,1.89,-5.49,-52.67,14.0,19.0,-74.0,0.6652,52.99,false
153,12,Forehand,9805,-0.0669,1.0608,0.0197,-0.18,1.4,-51.7,14.0,19.0,-74.0,1.0631,51.72,false
154,12,Forehand,9826,-0.0248,1.1743,0.0359,-1.53,3.78,-32.65,14.0,19.0,-74.0,1.1751,32.91,false
155,12,Forehand,9846,-0.2031,0.5807,0.1141,-2.14,10.19,69.34,14.0,19.0,-74.0,0.6257,70.11,false
156,12,Forehand,9871,0.0846,1.3162,-0.0063,-4.09,13.18,93.75,18.0,20.0,-78.0,1.3189,94.76,false
157,12,Forehand,9892,-0.1317,1.0803,0.0398,0.92,9.09,64.51,18.0,20.0,-78.0,1.089,65.16,false
158,12,Forehand,9917,-0.2363,0.9821,0.0571,-4.09,9.52,43.46,18.0,20.0,-78.0,1.0117,44.68,false
159,12,Forehand,9936,-0.2135,0.9453,-0.0348,-4.15,1.71,14.34,18.0,20.0,-78.0,0.9697,15.03,false
160,12,Forehand,9957,-0.5183,0.9221,-0.1101,-0.43,-22.64,-53.53,18.0,20.0,-78.0,1.0635,58.12,false
0,16,Forehand,0,1.0323,0.9938,-0.0638,73.91,-162.11,93.57,12.0,-1.0,-81.0,1.4344,201.24,false
1,16,Forehand,19,0.8696,0.8818,-0.1279,142.58,-184.81,74.52,12.0,-1.0,-81.0,1.2451,245.03,false
2,16,Forehand,45,0.6364,0.7144,-0.1722,167.6,-191.53,67.69,12.0,-1.0,-81.0,0.9721,263.35,false
3,16,Forehand,64,0.3337,0.5708,-0.1693,170.84,-183.53,48.4,12.0,-1.0,-81.0,0.6825,255.37,false
4,16,Forehand,86,0.0623,0.4645,-0.1117,153.5,-158.51,17.03,8.0,7.0,-56.0,0.4818,221.31,false
5,16,Forehand,109,-0.1865,0.3864,-0.0377,98.75,-92.71,-22.28,8.0,7.0,-56.0,0.4307,137.27,false
6,16,Forehand,129,-0.1833,0.3654,0.0372,57.5,-49.74,-39.43,8.0,7.0,-56.0,0.4105,85.64,false
7,16,Forehand,148,-0.0996,0.3878,0.1602,39.73,-34.55,-47.55,8.0,7.0,-56.0,0.4312,70.94,false
8,16,Forehand,169,0.0906,0.4757,0.3071,14.95,-21.36,-69.15,8.0,7.0,-56.0,0.5734,73.91,false
9,16,Forehand,195,0.3933,0.6042,0.3906,21.12,-35.4,-77.51,3.0,4.0,-54.0,0.82,87.79,false
10,16,Forehand,215,0.7332,0.7581,0.5303,37.17,-62.07,-79.16,3.0,4.0,-54.0,1.1804,107.24,false
11,16,Forehand,240,1.3533,0.8794,0.7417,69.4,-125.79,-57.07,3.0,4.0,-54.0,1.7762,154.59,false
12,16,Forehand,261,1.6865,0.9,0.6915,75.44,-185.42,-15.44,3.0,4.0,-54.0,2.0329,200.78,false
13,16,Forehand,283,1.8026,0.8173,0.6094,83.56,-256.29,36.32,3.0,4.0,-54.0,2.0709,272.0,false
14,16,Forehand,308,1.8042,0.6266,0.2808,97.84,-336.06,73.18,-4.0,13.0,-35.0,1.9304,357.58,false
15,16,Forehand,329,1.6196,0.1952,-0.2244,125.24,-456.48,97.41,-4.0,13.0,-35.0,1.6467,483.27,false
16,16,Forehand,348,1.5906,-0.2845,-0.7274,130.07,-532.23,90.15,-4.0,13.0,-35.0,1.772,555.26,false
17,16,Forehand,373,1.5538,-0.7625,-1.437,98.45,-617.13,72.02,-4.0,13.0,-35.0,2.2496,629.07,false
18,16,Forehand,395,1.4032,-1.1952,-2.2493,49.26,-693.6,60.36,-8.0,43.0,-48.0,2.908,697.97,false
19,16,Forehand,4813,-1.111,0.3407,0.0768,59.88,-9.95,-2.81,0.0,49.0,-82.0,1.1646,60.76,false
20,16,Forehand,4834,-1.2012,0.3976,0.2122,61.77,9.22,-8.54,0.0,49.0,-82.0,1.2829,63.03,false
21,16,Forehand,4873,-1.036,0.3776,0.4021,-22.46,39.49,-19.71,0.0,49.0,-82.0,1.1737,49.52,false
22,16,Forehand,4917,-0.8793,0.1455,0.4105,-42.05,39.79,-17.4,-1.0,47.0,-76.0,0.9812,60.45,false
23,16,Forehand,4960,-1.223,-0.4263,0.7238,-27.53,25.33,-9.03,-1.0,47.0,-76.0,1.4837,38.48,false
24,16,Forehand,4998,-1.5939,-0.8322,1.0878,6.16,-55.05,-27.16,-1.0,47.0,-76.0,2.1015,61.7,false
25,16,Forehand,5042,-1.6703,-0.8567,0.9712,111.88,-176.27,-35.83,2.0,47.0,-79.0,2.1135,211.83,false
26,16,Forehand,5087,-1.2078,-1.1749,0.9042,220.52,-380.55,-112.49,2.0,47.0,-79.0,1.9122,453.99,false
27,16,Forehand,5130,-0.3066,-0.7549,0.7394,275.33,-473.57,-232.24,9.0,42.0,-103.0,1.1003,594.99,false
28,16,Forehand,5171,0.9783,-0.6099,1.0123,249.02,-544.31,-318.3,9.0,42.0,-103.0,1.5342,677.94,false
29,16,Forehand,5214,2.4437,-0.4941,1.3271,275.39,-603.03,-361.45,27.0,22.0,-123.0,2.8244,755.07,false
30,16,Forehand,5214,2.4437,-0.4941,1.3271,275.39,-603.03,-361.45,27.0,22.0,-123.0,2.8244,755.07,false
31,16,Forehand,5238,3.0837,-0.5341,1.2322,270.94,-606.02,-371.64,27.0,22.0,-123.0,3.3635,760.78,false
32,16,Forehand,5259,4.0,-0.7534,1.3192,321.23,-509.46,-343.69,27.0,22.0,-123.0,4.2788,693.44,false
33,16,Forehand,5281,4.0,-0.9434,1.0111,416.87,-398.8,-306.52,27.0,22.0,-123.0,4.2323,653.28,false
34,16,Forehand,5303,3.9891,-1.0549,0.579,528.44,-198.85,-220.76,13.0,6.0,-75.0,4.1667,606.24,false
35,16,Forehand,5329,4.0,-0.8059,0.2683,700.13,405.94,-143.92,13.0,6.0,-75.0,4.0892,822.01,false
36,16,Forehand,5350,4.0,-0.813,0.9493,670.29,885.19,-56.7,13.0,6.0,-75.0,4.1907,1111.79,false
37,16,Forehand,5370,3.9999,-0.8452,2.4141,523.86,1309.63,161.44,13.0,6.0,-75.0,4.7477,1419.73,false
38,16,Forehand,5394,4.0,-0.6367,3.8578,248.54,1675.35,323.85,13.0,6.0,-75.0,5.5936,1724.37,false
39,16,Forehand,5415,3.2771,1.1134,2.3005,-23.68,1950.44,151.73,22.0,10.0,-144.0,4.1559,1956.48,false
40,16,Forehand,5441,0.67,0.4794,-1.1744,-122.8,1952.82,-5.0,22.0,10.0,-144.0,1.4346,1956.68,false
41,16,Forehand,5461,1.054,0.4933,-0.819,-186.58,1936.58,-69.89,22.0,10.0,-144.0,1.423,1946.81,false
42,16,Forehand,5480,1.0187,0.2869,-0.9355,-207.76,1930.54,-176.82,22.0,10.0,-144.0,1.4125,1949.72,false
43,16,Forehand,5506,0.8702,0.2,-0.985,-171.14,1924.93,-253.78,10.0,15.0,-59.0,1.3295,1949.11,false
44,16,Forehand,5527,0.7682,0.4052,-0.9802,-95.76,1924.8,-277.89,10.0,15.0,-59.0,1.3096,1947.12,false
45,16,Forehand,5548,0.7301,0.5409,-0.8936,-19.59,1928.83,-250.12,10.0,15.0,-59.0,1.2744,1945.08,false
46,16,Forehand,5572,0.8829,0.7758,-0.9131,42.97,1933.72,-191.16,10.0,15.0,-59.0,1.4883,1943.62,false
47,16,Forehand,5593,0.8687,0.9304,-0.9423,10.44,1934.75,-146.73,10.0,15.0,-59.0,1.5837,1940.34,false
48,16,Forehand,5619,0.8616,1.1193,-0.8821,-40.22,1936.1,-87.83,21.0,24.0,-143.0,1.6653,1938.5,false
49,16,Forehand,5640,0.9102,1.3003,-0.9314,-125.73,1933.59,-53.53,21.0,24.0,-143.0,1.8403,1938.42,false
50,16,Forehand,5660,0.9109,1.0409,-0.9576,-170.47,1928.04,-89.48,21.0,24.0,-143.0,1.6823,1937.63,false
51,16,Forehand,5684,0.8571,0.7383,-0.978,-173.77,1922.24,-149.54,21.0,24.0,-143.0,1.4954,1935.86,false
52,16,Forehand,5706,0.7771,0.6293,-0.9785,-145.45,1918.27,-203.67,12.0,10.0,-62.0,1.3991,1934.53,false
53,16,Forehand,5732,0.7527,0.7076,-0.8802,-58.96,1917.97,-232.36,12.0,10.0,-62.0,1.3573,1932.89,false
54,16,Forehand,5750,0.7706,0.707,-0.8324,-5.74,1920.53,-209.9,12.0,10.0,-62.0,1.3367,1931.98,false
55,16,Forehand,5770,0.827,0.6061,-0.8031,19.35,1924.01,-162.17,12.0,10.0,-62.0,1.3024,1930.93,false
56,16,Forehand,5790,0.8815,0.5519,-0.8027,7.08,1926.64,-105.77,12.0,10.0,-62.0,1.3138,1929.55,false
57,16,Forehand,5812,0.9094,0.6436,-0.8469,-36.56,1927.18,-63.05,18.0,35.0,-130.0,1.3995,1928.56,false
58,16,Forehand,5832,0.9059,0.6971,-0.891,-95.58,1924.87,-50.42,18.0,35.0,-130.0,1.4493,1927.9,false
59,16,Forehand,5858,0.8356,0.7053,-0.9138,-144.71,1920.78,-68.05,18.0,35.0,-130.0,1.425,1927.42,false
60,16,Forehand,5877,0.8002,0.6747,-0.8933,-164.92,1915.83,-111.39,18.0,35.0,-130.0,1.376,1926.14,false
61,16,Forehand,5897,0.7937,0.6631,-0.8726,-147.58,1911.5,-166.2,18.0,35.0,-130.0,1.3531,1924.38,false
62,16,Forehand,5922,0.8113,0.738,-0.8739,-71.35,1908.57,-221.92,12.0,3.0,-76.0,1.4023,1922.75,false
63,16,Forehand,5943,0.8149,0.7748,-0.8828,-25.21,1909.3,-221.44,12.0,3.0,-76.0,1.4296,1922.26,false
64,16,Forehand,5964,0.8278,0.7399,-0.8866,-5.74,1911.38,-191.65,12.0,3.0,-76.0,1.4208,1920.97,false
65,16,Forehand,5988,0.8461,0.8101,-0.897,-29.3,1914.49,-120.48,12.0,3.0,-76.0,1.4753,1918.5,false
66,16,Forehand,6010,0.8362,0.8534,-0.8971,-65.49,1914.86,-83.98,13.0,42.0,-113.0,1.4941,1917.82,false
67,16,Forehand,6035,0.8176,0.8668,-0.8759,-100.34,1913.82,-67.5,13.0,42.0,-113.0,1.4789,1917.64,false
68,16,Forehand,6056,0.8094,0.8937,-0.8472,-118.23,1911.5,-77.33,13.0,42.0,-113.0,1.4736,1916.71,false
69,16,Forehand,6076,0.8146,0.9369,-0.8353,-113.89,1908.08,-109.86,13.0,42.0,-113.0,1.4964,1914.63,false
70,16,Forehand,6099,0.844,0.9071,-0.8682,-84.84,1903.38,-166.69,13.0,42.0,-113.0,1.5129,1912.55,false
71,16,Forehand,6121,0.8513,0.8619,-0.8784,-66.65,1901.0,-193.73,12.0,-5.0,-97.0,1.4964,1912.01,false
72,16,Forehand,6146,0.8381,0.8091,-0.8938,-54.63,1900.09,-199.28,12.0,-5.0,-97.0,1.4683,1911.29,false
73,16,Forehand,6165,0.8209,0.7554,-0.8983,-50.6,1900.88,-180.97,12.0,-5.0,-97.0,1.4323,1910.14,false
74,16,Forehand,6185,0.8184,0.7537,-0.8796,-53.41,1902.28,-148.19,12.0,-5.0,-97.0,1.4183,1908.79,false
75,16,Forehand,6211,0.827,0.7562,-0.8754,-65.25,1903.69,-105.04,10.0,43.0,-97.0,1.422,1907.7,false
76,16,Forehand,6232,0.7974,0.8353,-0.8445,-73.06,1903.63,-91.49,10.0,43.0,-97.0,1.4306,1907.22,false
77,16,Forehand,6253,0.8118,0.8588,-0.823,-73.12,1902.28,-94.24,10.0,43.0,-97.0,1.4401,1906.02,false
78,16,Forehand,6278,0.8541,0.8573,-0.8428,-71.72,1899.9,-115.05,10.0,43.0,-97.0,1.4747,1904.73,false
79,16,Forehand,6298,0.8621,0.8641,-0.8752,-71.78,1896.61,-144.1,10.0,43.0,-97.0,1.502,1903.43,false
80,16,Forehand,6324,0.8542,0.8964,-0.936,-75.81,1892.09,-182.62,14.0,-8.0,-114.0,1.5522,1902.39,false
81,16,Forehand,6345,0.8113,0.9368,-0.9495,-82.7,1890.5,-189.39,14.0,-8.0,-114.0,1.5611,1901.76,false
82,16,Forehand,6365,0.7711,0.9402,-0.9371,-84.66,1890.5,-176.15,14.0,-8.0,-114.0,1.5352,1900.58,false
83,16,Forehand,6388,0.7383,0.8986,-0.8896,-77.45,1892.52,-136.6,14.0,-8.0,-114.0,1.4642,1899.02,false
84,16,Forehand,6409,0.7542,0.9,-0.8427,-69.64,1893.8,-111.33,2.0,44.0,-73.0,1.4453,1898.35,false
85,16,Forehand,6429,0.7921,0.864,-0.819,-64.39,1893.8,-100.89,2.0,44.0,-73.0,1.4299,1897.58,false
86,16,Forehand,6454,0.8341,0.7917,-0.8191,-63.78,1892.15,-110.23,2.0,44.0,-73.0,1.4119,1896.43,false
87,16,Forehand,6474,0.8542,0.7662,-0.8408,-68.18,1889.4,-132.14,2.0,44.0,-73.0,1.4226,1895.25,false
88,16,Forehand,6494,0.8506,0.7684,-0.8726,-83.62,1885.07,-165.83,2.0,44.0,-73.0,1.4406,1894.2,false
89,16,Forehand,6519,0.813,0.7831,-0.9089,-88.81,1883.97,-172.49,15.0,-5.0,-136.0,1.4493,1893.93,false
90,16,Forehand,6540,0.8042,0.7666,-0.8898,-91.06,1883.0,-169.07,15.0,-5.0,-136.0,1.4234,1892.76,false
91,16,Forehand,6565,0.7971,0.7177,-0.8846,-77.82,1883.85,-154.54,15.0,-5.0,-136.0,1.3903,1891.78,false
92,16,Forehand,6585,0.782,0.6793,-0.8708,-61.77,1885.01,-136.23,15.0,-5.0,-136.0,1.3533,1890.94,false
93,16,Forehand,6606,0.78,0.66,-0.8624,-50.96,1885.74,-119.26,0.0,39.0,-49.0,1.3371,1890.2,false
94,16,Forehand,6630,0.7828,0.5909,-0.8391,-55.97,1884.83,-110.29,0.0,39.0,-49.0,1.2908,1888.88,false
95,16,Forehand,6651,0.7791,0.5464,-0.8175,-67.38,1883.0,-117.13,0.0,39.0,-49.0,1.2545,1887.84,false
96,16,Forehand,6673,0.774,0.4966,-0.7786,-80.32,1880.74,-127.81,0.0,39.0,-49.0,1.205,1886.79,false
97,16,Forehand,6697,0.7972,0.4968,-0.746,-85.02,1878.91,-136.05,0.0,39.0,-49.0,1.1995,1885.74,false
98,16,Forehand,6719,0.8639,0.5306,-0.7836,-81.48,1877.69,-142.7,15.0,4.0,-146.0,1.2814,1884.86,false
99,16,Forehand,6739,0.8705,0.5278,-0.8324,-73.61,1876.28,-146.3,15.0,4.0,-146.0,1.315,1883.42,false
100,16,Forehand,6763,0.8597,0.5264,-0.8645,-66.89,1875.79,-143.49,15.0,4.0,-146.0,1.328,1882.46,false
101,16,Forehand,6783,0.8329,0.5334,-0.8813,-59.39,1875.37,-140.08,15.0,4.0,-146.0,1.3248,1881.53,false
102,16,Forehand,6809,0.7949,0.5383,-0.8945,-59.51,1874.45,-133.67,-1.0,31.0,-42.0,1.3122,1880.15,false
103,16,Forehand,6830,0.7616,0.5175,-0.8433,-64.21,1873.23,-133.36,-1.0,31.0,-42.0,1.2486,1879.07,false
104,16,Forehand,6851,-0.1979,0.3051,-1.6639,-10.74,1761.72,-179.38,-1.0,31.0,-42.0,1.7032,1770.86,false
105,16,Forehand,6875,-2.1027,0.359,-2.3105,164.92,992.0,-443.66,-1.0,31.0,-42.0,3.1446,1099.14,false
106,16,Forehand,6896,0.3894,-0.1562,0.1915,348.82,750.0,-437.81,-1.0,31.0,-42.0,0.4612,935.87,false
107,16,Forehand,6922,0.4424,-0.1289,0.0876,482.73,850.22,-311.04,-9.0,-11.0,-93.0,0.469,1025.98,false
108,16,Forehand,6940,0.3466,-0.4504,-0.1237,617.25,857.42,-174.44,-9.0,-11.0,-93.0,0.5816,1070.79,false
109,16,Forehand,6960,0.3752,-0.5751,-0.1918,640.2,863.53,-82.7,-9.0,-11.0,-93.0,0.7129,1078.13,false
110,16,Forehand,6980,0.344,-0.2285,-0.2959,606.08,870.79,24.66,-9.0,-11.0,-93.0,0.508,1061.23,false
111,16,Forehand,7004,0.2954,0.1667,-0.3397,533.94,877.08,155.21,-9.0,-11.0,-93.0,0.4801,1038.48,false
112,16,Forehand,7026,0.2727,0.5345,-0.3267,442.99,883.48,292.85,20.0,19.0,-152.0,0.6832,1030.8,false
113,16,Forehand,7051,0.2847,1.2384,-0.2245,297.73,889.04,447.45,20.0,19.0,-152.0,1.2904,1038.87,false
114,16,Forehand,7071,-0.0687,1.9132,-0.5724,210.45,824.71,387.7,20.0,19.0,-152.0,1.9982,935.27,false
115,16,Forehand,7092,-1.176,2.9127,-2.3574,-89.72,-370.0,-1006.35,20.0,19.0,-152.0,3.9274,1075.96,false
116,16,Forehand,7117,0.6097,2.8157,-2.0446,-883.48,85.82,-77.33,-15.0,35.0,-133.0,3.5327,891.0,false
117,16,Forehand,7137,-0.4309,1.7509,-1.859,-1309.63,341.37,213.87,-15.0,35.0,-133.0,2.5898,1370.18,false
118,16,Forehand,7162,-0.2917,1.0784,0.4937,204.22,138.06,-770.02,-15.0,35.0,-133.0,1.2213,808.52,false
119,16,Forehand,7180,-0.8827,-0.1,-0.2388,392.52,377.87,-730.71,-15.0,35.0,-133.0,0.9199,911.48,false
120,16,Forehand,7200,-0.7712,-0.1259,-0.4716,462.22,486.57,-645.75,-15.0,35.0,-133.0,0.9127,931.34,false
121,16,Forehand,7226,-0.7373,-0.9086,-0.7697,235.84,530.94,-672.91,12.0,41.0,-105.0,1.4005,889.01,false
122,16,Forehand,7246,-0.614,-1.5061,-1.2516,-624.39,546.26,-240.48,12.0,41.0,-105.0,2.0523,863.77,false
123,16,Forehand,7267,0.0187,0.4098,-0.551,-705.44,475.89,-143.01,12.0,41.0,-105.0,0.687,862.89,false
124,16,Forehand,7292,-0.4019,0.2083,-0.3463,-407.47,389.1,-396.91,12.0,41.0,-105.0,0.5699,689.18,false
125,16,Forehand,7312,-0.4999,0.2012,-0.2064,-272.83,409.24,-404.3,19.0,31.0,-104.0,0.577,636.69,false
126,16,Forehand,7331,-0.3958,0.1146,-0.1781,-192.75,446.04,-451.84,19.0,31.0,-104.0,0.4489,663.53,false
127,16,Forehand,7354,-0.3015,0.114,-0.1875,-129.09,455.81,-476.44,19.0,31.0,-104.0,0.3729,671.88,false
128,16,Forehand,7374,-0.1239,0.0964,-0.1991,-99.0,450.13,-474.79,19.0,31.0,-104.0,0.2536,661.7,false
129,16,Forehand,7393,0.0568,0.1183,-0.1714,-96.44,435.12,-496.77,19.0,31.0,-104.0,0.2158,667.39,false
130,16,Forehand,7419,0.3313,0.2175,-0.1044,-96.07,407.71,-508.97,25.0,13.0,-110.0,0.4098,659.18,false
131,16,Forehand,7439,0.3058,0.5211,-0.1023,-323.36,327.58,-416.69,25.0,13.0,-110.0,0.6128,620.89,false
132,16,Forehand,7464,-0.7285,3.084,-2.6523,-1676.45,188.96,602.48,25.0,13.0,-110.0,4.1324,1791.42,false
133,16,Forehand,7484,0.8181,4.0,-2.5059,-1051.51,63.35,466.0,25.0,13.0,-110.0,4.7905,1151.89,false
134,16,Forehand,7505,0.9177,2.2885,-0.4976,826.35,87.4,-517.09,25.0,13.0,-110.0,2.5153,978.72,false
135,16,Forehand,7531,-0.0918,-0.375,-0.7506,650.82,71.96,-461.0,21.0,9.0,-143.0,0.8441,800.79,false
136,16,Forehand,7551,-0.194,-0.0129,-0.4473,437.68,44.56,-277.89,21.0,9.0,-143.0,0.4877,520.36,false
137,16,Forehand,7576,-0.1252,0.01,-0.4318,264.77,-15.93,-78.19,21.0,9.0,-143.0,0.4497,276.53,false
138,16,Forehand,7597,-0.4855,0.1831,-0.5942,-29.72,-29.54,107.67,21.0,9.0,-143.0,0.7889,115.53,false
139,16,Forehand,7619,-0.8972,0.7454,-1.1007,-571.53,0.55,259.46,23.0,16.0,-142.0,1.6038,627.67,false
140,16,Forehand,7643,-0.2051,1.8898,-0.3796,-346.86,-4.15,154.6,23.0,16.0,-142.0,1.9384,379.78,false
141,16,Forehand,7661,-0.0122,1.5059,-0.308,153.81,1.53,-69.89,23.0,16.0,-142.0,1.5371,168.95,false
142,16,Forehand,7682,-0.1776,0.6136,-0.6411,279.24,0.55,-115.36,23.0,16.0,-142.0,0.9051,302.13,false
143,16,Forehand,7706,-0.3175,0.3521,-0.7026,111.69,-0.12,-49.38,23.0,16.0,-142.0,0.8476,122.12,false
144,16,Forehand,7728,-0.2505,0.5199,-0.5842,-57.13,1.16,20.87,23.0,15.0,-139.0,0.8212,60.83,false
145,16,Forehand,7748,-0.1993,0.924,-0.5254,-58.41,1.28,25.45,23.0,15.0,-139.0,1.0814,63.73,false
146,16,Forehand,7772,-0.2075,0.9413,-0.5369,-0.98,0.49,0.67,23.0,15.0,-139.0,1.1033,1.28,false
147,16,Forehand,7792,-0.213,0.7623,-0.5533,23.68,1.16,-10.74,23.0,15.0,-139.0,0.9658,26.03,false
148,16,Forehand,7818,-0.2172,0.7197,-0.558,-0.18,-0.12,0.43,25.0,12.0,-137.0,0.9362,0.48,false
149,16,Forehand,7840,-0.2148,0.8108,-0.5532,-1.4,-0.18,0.43,25.0,12.0,-137.0,1.0048,1.48,false
150,16,Forehand,7860,-0.2147,0.7749,-0.5529,1.83,0.0,-0.85,25.0,12.0,-137.0,0.9758,2.02,false
151,16,Forehand,7884,-0.214,0.783,-0.5546,0.12,-0.12,0.18,25.0,12.0,-137.0,0.983,0.25,false
152,16,Forehand,7904,-0.2148,0.7821,-0.5532,0.49,-0.06,-0.24,25.0,12.0,-137.0,0.9818,0.55,false
153,16,Forehand,7930,-0.2147,0.7822,-0.5526,0.31,-0.06,-0.12,22.0,12.0,-142.0,0.9815,0.33,false
